책제목,글쓴이,출판사,출판년,대여료
"철학, 죽음을 말하다",정동호...[등]지음,산헤,2004,2091
걱정쟁이 열세 살 : 최나미 장편동화,최나미,사계절,2006,4047
잘나가는 공무원은 무엇이 다른가 : 살아남고 싶다면 반드시 습득해야 할 처세의 비법,이보규 ; 최성열 지음,행복에너지,2013,5912
이스라엘-팔레스타인 분쟁의 이미지와 현실,노먼 핀켈슈타인 지음 ; 김병화 옮김,돌베개,2004,4412
번역의 이해,이은숙 지음,도서출판 동인,2009,7707
성 상담,조이스 페너 ; 클리포드 페너 [공]저 ; 김의식 역 ; 게리 콜린스 책임 편집,두란노,2002,9644
"왜 사냐면, 웃지요",김열규,궁리,2003,3790
지도의 상상력,와카바야시 미키오 지음 ; 정선태 옮김,산처럼,2006,5453
쉿! 우표만 알고 있는 유네스코 세계 유산 엿보기,김경희 글  ; 유남영 그림,글고은,2012,8295
초등학생이 꼭 읽어야 할 16가지 몽골 교과서 동화,학은미디어 편집부 글  ; 강인춘 그림  ; 홍세은 역,학은미디어,2012,7866
와신상담. 6,리선샹 지음 ; 하진이 옮김,휘닉스드림,2007,2193
역사가에게 묻다  : 굴절된 한일 현대사의 뿌리 찾기,김효순 지음,서해문집,2011,2802
당신이 궁금한 우리말 잉글리쉬 : 기초회화,토마토영어연구소 [지음],tomato,2011,4223
꽃,윤후명 저,문학동네,2011,2449
고사성어랑 일촌맺기,기획집단MOIM 구성 ; 신동민 그림,서해문집,2007,2878
자주 묻는 통일이야기 50,통일부 통일교육원 [편],통일부 통일교육원,2008,1573
(대대손손 물려줄)우리 국보와 보물,유송아 지음  ; 김은미 그림,주니어RHK,2012,4227
진화의 종말 : 세계적인 진화생물학자의 환경 보고서,"폴 에얼릭, 앤 에얼릭 지음 ; 하윤숙 옮김",부키,2011,5653
녹지대 : 박경리 장편소설. 1,박경리 지음,현대문학,2012,9854
한국 현대무용사의 인물들,대담 문애령,눈빛,2001,7918
빙빙 돌아라,이상희 글  ; 김효은 그림,비룡소,2012,6953
(구석구석)지구촌 여행,"베이용, 베아트리스",베틀북,2012,7424
김대중을 생각한다,강원택 외 지음,삼인,2011,5679
"꼭 읽어야 할 세계단편. 3, 영국편",송승환 편저  / 송승환 편저,타임기획,2000,4928
카툰 지리,유상철 글 ; 윤병철 그림,황금비율,2012,9734
(10대와 통하는) 부동산 : 청소년이 꼭 알아야할 집과 땅 이야기,손낙구,철수와영희,2011,6702
친밀감이 부부갈등의 벽을 허문다 : 신뢰와 친밀감을 회복시켜주는 정서중심 부부치료,성혜옥 지음,예영커뮤니케이션,2011,9031
터너,클라렌스 존스저 ; 박영란 역,한국프뢰벨주식회사,1998,1851
(이기적 in)ITQ 파워포인트 Office 2007  : 기본서,영진정보연구소 저,영진닷컴,2011,8426
사진구도,윤준성 ; 웰기획 [공]지음,사이버출판사,2009,8698
너도 리더가 되고 싶니?,고수유 글 ; 이일선 그림,거인,2009,4891
"완전한 승리, 바다의 지배자  : 최초의 해상 제국과 민주주의의 탄생",존 R. 헤일 지음  ; 이순호 옮김,다른세상,2011,6031
사회복지 가치와 윤리,"Elaine P. Congress 지음 ; 강선경, 김욱 [공]옮김",시그마프레스,2011,1714
병 안 걸리고 사는 법,신야 히로미 지음 ; 이근아 옮김,이아소,2007,7028
숲은 어떻게 만들어지는가?,윌리엄 재스퍼슨 글 ; 척 에카르트 그림 ; 이은주 옮김,비룡소,2005,1838
현대사회지리학,최병두 지음,한울아카데미,2006,8764
어울림을 배우다  : 21세기에 다시 읽는 사자소학,김태완 지음 ; 이우일 그림,호미,2010,4994
"과학, 역사 그리고 과학사",김영식 지음,생각의나무,2008,7646
장미와 에델바이스,"로제 팔리고 저  ; 우석훈, 이재형 [공]옮김",오픈하우스,2011,9611
한국 가정 요리 : 인도네시아어판,대우증권사회봉사단 엮음,부키,2012,1575
샘 괴롭히기 프로젝트,이윤학 지음 ; 전종문 그림,문학과지성사,2009,7990
학교 컨설팅,진동섭 지음,학지사,2002,6383
스완 송. 1 : 운명의 바퀴가 돌다,로버트 매캐먼 지음 ; 서계인 옮김,검은숲,2011,4410
언어혁명,임근수 지음,지상사,2005,9327
ARM Cortex-M0 Nuvoton NuMicro 펌웨어개발,"김형태, 오현교 [공]저",내하,2011,3182
이토록 뜨거운 파랑 : 신여랑 장편소설,신여랑,창비,2010,5227
사자는 쥐와 겨루지 않는다,난광원 지음 ; 김유경 옮김,아르고스,2010,9085
통쾌수능 : 엄마가 만드는 3등급 내 아이 일류대 보내기,한상희 지음,생각의나무,2010,6886
따로 또 같이,이현수 외 지음,수필과비평사,2011,3334
청소년 상담  : 이론과 실제,"정순례, 양미진, 손재환 지음",북카페,2010,2102
나를 기억하고 있는 너에게,윤상 지음 ; 김기홍 사진,엘컴퍼니,2009,6183
"위대한 기업, 로마에서 배운다",김경준 지음,원앤원북스,2007,1612
"청소년, 시와 대화하다",김규중 지음,사계절,2010,1331
민족주의 길들이기 : 로마 몰락에서 유럽통합까지 다시 쓰는 민족주의의 역사,장문석 지음,지식의풍경,2007,1021
행운을 부르는 여자의 습관,오하라 게이코 지음 ; 정난진 옮김,눈과마음,2006,8954
마음지도  : 나를 찾아 떠나는 치유 여행,콜레트 배런 레이드 지음  ; 이민주 옮김,문학수첩,2012,7378
"대한민국 대표 여행지 1000. [2], 전라도·제주도",유연태 외저,넥서스Books,2011,9795
퇴계 달중이를 만나다,김은미 ; 김영우 [공]지음,미딤돌,2005,3968
색다른 색 이야기 : 우리 안의 색을 찾는 천연염색,조미숙 지음,이매진,2007,7696
(눈으로 보고 손으로 길들이는)포토샵 CS5,신소영  ; 백대은 [공]저,정보문화사,2011,1338
딴짓의 재발견,니콜라 비트코프스키 지음  ; 양진성 옮김,애플북스,2012,7854
세계와 미국,이삼성 지음,한길사,2001,8489
(내 삶의 작은 기적)그날들,윌리 로니스 지음  ; 류재화 옮김,이봄,2011,9317
더 단순하게 살아라,로타르 J. 자이베르트 지음 ; 백종유 옮김,좋은생각,2011,8882
감자 : 김동인 단편선,김동인 지음 ; 정호웅 엮음,현대문학,2011,8214
인문으로 읽는 주역,신원봉 지음,부키,2009,3436
(양영순의)천일야화. 2 : 아무도 이 섬을 벗아날수 없다,양영순 글.그림,김영사,2010,9324
그대는 불멸의 존재다  : 생사의 쳇바퀴를 벗어나게 하는 예수의 진정한 가르침,개리 레너드 지음  ; 강형규 옮김,정신세계사,2012,7733
"로베스피에르, 혁명의 탄생",장 마생 지음 ; 양희영 옮김,교양인,2005,4371
내 아내의 에로틱한 잠재력 : 다비드 포앙키노스 장편소설,다비드 포앙키노스 지음 ; 김경태 옮김,문학동네,2008,7614
그 순간 역사가 움직였다,에드윈 무어 지음 ; 차미례 옮김,미래인,2009,2222
미국의 민주주의. 1,알렉시스 드 토크 빌 지음 ; 임효선 ; 박지동 [공]옮김,한길사,2005,7859
"This is Art : 1,100점의 도판으로 설명하는 세계미술","스티븐 파딩 책임편집 ; 리처드 코크 서문 ; 하지은, 이사빈, 이승민 [공]옮김",마로니에북스,2011,2793
(한국인을 위한)교양사전,강준만 저,인물과사상사,2005,5406
(Why?)수와 수학,조영선 글 ; 송회석 그림,예림당,2011,9543
의지력의 재발견,"로이 F. 바우마이스터, 존 티어니 [공]지음 ; 이덕임 옮김",에코리브르,2012,1603
피의 광장 : 로마 공화정을 위한 투쟁,파멜라 마린 지음 ; 추미란 옮김,책우리,2009,4074
(참교육자)마리아 몬테소리,지구르트 헤벤슈트라이트 지음 ; 이명아 옮김,문예출판사,2005,9032
창의적인 수업 아이디어 56가지,우리교육 엮음,우리교육,2008,9519
나는 주목받는 20대이고 싶다,스스끼 겐지 지음  ; 이정빈 옮김,지성문화사,2012,7919
한국 구전신화의 세계,권태효 지음,지식산업사,2005,4323
원예반 소년들,우오즈미 나오코,양철북,2012,5918
삼한지. 6 : 새로운 영웅들,김정산 [저],위즈덤하우스,2006,2984
도둑괭이 공주 : 황인숙 장편소설,황인숙 지음,문학동네,2011,2727
내 스무살을 울린 책,김윤식...[등]지음,작가정신,2007,3631
율리시스 무어. 05 : 영원한 젊음,피에르도메니코 바칼라리오 지음 ; 이현경 옮김,웅진주니어,2007,1226
"스위스·오스트리아·동유럽 부부 렌터카 여행. 상, 스위스.오스트리아.체코 편",김선균 지음,통일신문사,2011,2411
2020 중국 리스크 : 중국 경제 중장기 예측과 리스크 분석,이근 ; 김병국 공편,동아시아연구원,2007,7642
눈이 내려,프랭클린 M.브랜리 글  ; 할리 켈러 그림  ; 햇살과 나뭇꾼 옮김,웅진,2005,6061
(스코트 니어링의)희망,스코트 니어링 씀 ; 김라합 옮김,보리,2005,8868
교실영어 표현사전,소네다 겐조  ; 부르스 퍼킨스 [공]지음  ; 안윤선 옮김,위즈덤트리,2012,8785
누가 미모자를 그렸나 : 손미나의 로드 무비 fiction,손미나 지음,웅진지식하우스,2011,8157
눈물은 남자를 살린다 : 가슴으로 울고 있는 중년을 위한 마음 처방전,이홍식 지음,다산북스,2012,3758
벌레구멍 속으로,문선이 글 ; 한수진 그림,시공주니어,2005,2401
(에세이)동양문화사,양필승 지음,백산서당,2008,7458
호기심소녀 별이와 괴짜삼촌의 지구탐험기,김현빈 지음 ; 아메바 피쉬 일러스트레이션,살림,2007,6093
"세계사를 보다 : 스토리텔링과 이미지의 역사여행. 2, 고대.중세",박찬영 ; 버질 힐라이어 [공]지음,리베르스쿨,2010,9065
(아래로부터의)한일 평화 교육,강순원 엮음,커뮤니티,2005,7702
"위험한 이웃, 중국과 일본",리처드 C.부시 지음 ; 김규태 옮김,에코리브르,2013,6894
검은 천사 하얀 악마,김융희 지음,시공사,2005,5834
씨네 폴리틱스  : 영화는 다 정치적이다,박종성 지음,인간사랑,2008,6993
(Why？)빛과 소리,조영선 글 ; 이영호 만화,예림당,2010,1914
조선왕릉 : 잠들지 못하는 역사. 1,이우상 글 ; 최진연 사진,다할미디어,2010,5318
잉카 사람들은 어떻게 살았을까?,베르트랑 플르노와 지음 ; 이혜경 엮음 ; 오성봉 그림,청솔,2004,7622
즐거운 한국 근현대사 수업,김은석 지음,살림터,2010,8306
(고우영)열국지. 3,고우영 지음,자음과모음,2006,3788
인도 경제를 해부한다 : 인도 진출을 위한 현장 보고서,삼성경제연구소 ; KOTRA 지음,삼성경제연구소,2006,2699
애거서 크리스티 전집. 15 : 쥐덫,애거서 크리스티 지음 ; 김남주 옮김,황금가지,2009,3862
이제와 돌아보니 행복이었네라,배명인 지음,대원사,2002,5549
바바빠빠,아네트 티종 ; 탈루스 테일러 [공]글.그림 ; 이용분 옮김,시공주니어,2008,6882
칼릴 지브란,알렉상드르 나자르 지음 ; 용경식 옮김,작가정신,2007,6857
건축의 일곱 등불,존 러스킨 지음  ; 현미정 옮김,마로니에북스,2012,7221
밥상 혁명,강양구 ; 강이현 [공]지음,살림터,2010,4420
부두에서 일하며 사색하며,에릭 호퍼 지음  ; 정지호 옮김,동녘,2012,2106
피델 카스트로,베틀북 .편집부,베틀북,0,3888
미술교양,니콜라 호지 ; 리비 앤슨 [공]지음 ; 박진아 옮김,거름,2007,6426
양반전,박지원,삼성,2012,3897
"임진왜란. 4, 그 향기 그 힘으로",박종화 저,달궁,2004,6435
"꼭 읽어야 할 세계단편. 4, 독일편",송승환 편저,타임기획,2006,2273
조선의 프로페셔널 : 자신이 믿는 한가지 일에 조건 없이 도전한 사람들,안대회 지음,휴머니스트퍼블리싱컴퍼니,2007,8614
거리로 나간 피노키오,박영란 지음 ; 한호진 그림,기탄교육,2012,7691
인도신화기행,차창룡 지음,북하우스,2007,5539
공이 굴러가지? 그게 물리야!,김영대 글 ; 박묘광 그림,토토북,2009,1424
상처와 마주하라  : 고통은 삶의 연금술,마크 마토우세크 저  ; 이솔내 옮김,청아,2012,8597
그림 형제 동화집,그림 형제 지음 ; 아서 래컴 그림 ; 이옥용 옮김,보물창고,2012,3488
처음처럼,신영복 글.그림 ; 이승혁 ; 장지숙 [공]엮음,랜덤하우스코리아,2007,5014
졸업 후 내인생,제니 블레이크 지음  ; 이경아 옮김,알에이치코리아,2012,3916
신영복,신영복 지음,돌베개,2003,1892
돌원숭이. 2,제프리 디버 지음 ; 유소영 옮김,노블하우스,2006,4968
고문진보의 이해와 감상,박삼수 지음,울산대학교출판부,2009,2126
나는 조선의 외교관이다,최정희 지음  ; 서윤아 그림,북비,2011,7451
젠틀 매드니스,니콜라스 A. 바스베인스 지음 ; 표정훈 ; 김연수 ; 박중서 [공]옮김,뜨인돌,2006,4601
개에게 뼈다귀를 주세요,브라이언 와일드스미스 글.그림 ; 박숙희 옮김,비룡소,2010,2217
수채화 세계도시기행,이재오 ; 원제무 [공]지음,시사플러스,2005,2992
(청소년이 꼭 알아야 할)단숨에 읽는 세계인물,김근태 지음,베이직북스,2007,5921
"21세기 웅진학습백과사전. 17 : 생물,인체 ㅈ-ㅎ",웅진다책 편집부 편,웅진다책,2012,5936
아빠가 좋아,사노 요쿄 글.그림 ; 김난주 옮김,비룡소,2010,5997
유혹 : 권지예 장편소설. 2,권지예 지음,민음사,2011,4823
칭찬 심리학,나히토 요시히토 지음  ; 최선임 옮김,지식여행,2011,7150
종이인형  : 황경신의 사랑동화,황경신 지음,BF북스,2011,7232
(만화로 보는)학과의 세계. 2,와이즈멘토 지음 ; 이주한 그림,동아일보사,2009,8918
제1과 제1장  : 이무영 소설,이무영 [저],문이당,2008,7142
백만 불짜리 웃음 : 잘 웃는 사람이 성공한다,문석근 지음,열매출판사,2006,10000
태권도 품새 교본,[오성출판사 편집부 편],오성출판사,2008,9136
사랑하다 죽다,박종성 지음,인간사랑,2012,4555
"감히, 아름다움 : 우리 삶의 아름다움을 찾아가는 열한 갈래의 길",최재천 등저,이음,2011,9616
미국인이 가장 많이 쓰는 테마별 영어 BOX,백선엽 지음,넥서스,2008,4710
"서울, 건축의 도시를 걷다. 1, 사대문 안과 구도심",임석재 지음,인물과사상사,2010,5498
애거서 크리스티 전집. 7 : 살인을 예고합니다,애거서 크리스티 지음 ; 이은선 옮김,황금가지,2008,2545
(완역)옥루몽. 2,남영로 지음 ; 김풍기 옮김,그린비,2006,2133
일본체험사전,김혁 글.사진 ; 홍원표 그림,갤리온,2009,3813
"시장에 간 길동이, 경제 박사 되다",이명애 글 ; 안창숙 그림,파란자전거,2006,1126
내 친구 비차 : 니콜라이 노소프 장편동화,"노소프, 니콜라이",사계절,2006,1041
나의 아름다운 마라톤  : 이채원 장편소설,이채원 지음,현대문학,2012,5773
하나님이 기도에 침묵하실 때,제럴드 L. 싯처 지음 ; 마영례 옮김,한국성서유니온선교회,2006,4632
"서울, 건축의 도시를 걷다. 2, 강남 일대와 부도심",임석재 지음,인물과사상사,2010,9895
"홀로코스트, 유럽 유대인의 파괴. 1",라울 힐베르크 저 ; 김학이 옮김,개마고원,2008,7469
가가린이 들려주는 무중력 이야기,정완상 지음,자음과모음,2005,4700
영어회화 꼭 성공하기 : 단 한명의 예외도 없는 검증된 성공 영어 학습법 누구나 3개월이면 영어회화 가능자가 된다,김태형 지음,b혜지원,2011,1367
개구쟁이 해리! 목욕은 정말 싫어요,G. 자이언 글 ; M. 그래엄 그림 ; 임정재 옮김,사파리,2011,4741
우리는 만난 적이 있다,조경란,문학과지성사,2001,5384
마법의 빨간 수레,레나타 리우스카 글·그림  ; 김혜진 옮김,천 개의 바람,2012,6192
나의 삼촌 브루스 리  : 천명관 장편소설. 1,천명관 지음,위즈덤하우스,2012,3938
아프리카여 안녕!,한스 아우구스토 레이 글.그림 ; 이선아 옮김,시공주니어,2008,3186
만화로 보는 그리스도인의 삶과 지혜,최병철 글·그림,제자마을,2012,6535
(연예계 소문난 술꾼)이훈의 뱃살빼기 대작전,이훈 지음,랜덤하우스,2009,8860
선재야 선재야,문윤정 글·사진,클리어마인드,2009,5687
합리성의 새로운 지평,존 써얼 지음 김기현 외 옮김,철학과 현실사,2001,9348
밤도깨비도쿄,딴지관광청 노매드 취재·사진·글,삼성출판사,2006,2527
안개 : 이정호 문학전집. 3,이정호 저,계간문예,2009,7873
(회사에서 바로 통하는)엑셀 함수 활용 사전,이형범,한빛미디어,2006,2494
북극곰도 모르는 북극 이야기,박지환 글 ; 김미경 그림,토토북,2008,9569
아프리카에서 온 암소 9마리,박종하 지음,다산북스,2007,9044
양철무,이산하,시공사,2003,1510
(세상에서 제일 큰)우리 아빠,조셉 브루채크 글 ; 웬디 앤더슨 핼퍼린 그림 ; 김영선 옮김,아이세움,2011,1085
"숲 어딘가 두평 마음의 집이 있다 : 주말캠핑 3년, 소심한 가족의 푸른 이력서",김종보 지음,황금시간,2011,9257
내 인생의 실험은 아직 끝나지 않았다 : 젊은 의학자가 그려 나가는 삶과 죽음의 얼굴들,안승철 지음,궁리출판,2012,9859
(베토벤이 들려주는) 두근두근 오케스트라,"만타누스, 마티유",책빛,2012,9707
우리고장 맛 이야기  :  전국 170개 지역 대표음식 스토리텔링,"문화체육관광부, 한국관광공사 [편]",한국관광공사,2009,6658
정글의 법칙,"히어슨, 칼",미래인,2012,2637
칼과 황홀 : 성석제의 음식 이야기,성석제 지음,문학동네,2011,2477
신신,마르크 앙투안 마티외 지음 ; 김지희 ; 맹슬기 ; 안준호 ; 이하규 [공]옮김,휴머니스트,2011,2290
습관부터 바꿔라 : 100만 독자의 인생을 바꾼 『이기는 습관』 전옥표 박사의 최신작,전옥표 지음,중앙books,2011,3303
"박노자의 만감일기 : 나, 너, 우리, 그리고 경계를 넘어",박노자 지음,인물과사상사,2008,2072
1일 1구 : 내 삶에 힘이 되는 고전명언 365,김영수 지음,유유,2013,7557
럭키의 죽음 : 이재웅 소설집,이재웅,랜덤하우스코리아,2007,1012
절름발이 늑대에게 경의를,"바스코 포파 지음, 오민석 옮김",문학동네,2006,2574
온 삶을 먹다,웬델 베리 지음  ; 이한중 옮김,낮은산,2011,4026
"아하! 철학, 그리고 사상가들",거송미디어 기획출판부 엮음,거송미디어,2005,1572
변신 이야기 . 2 = Metamorphoses,오비디우스,민음사,2005,9821
"버릴 수 없는 것들의 목록  : '문학관, 도서관에 문학작가 파견 사업'작품집",이성아 외,북스토리,2010,9127
나쁜 고양이는 없다,이용한 지음,북폴리오,2012,3026
미의 나라 조선,김정기 지음,한울,2011,7161
가면 쓴 사자,마르가리타 델 마소 글 ; 팔로마 발디비아 그림 ; 김미경 옮김,오마주,2011,1427
"늦은 밤, 잠 못 드는 아이들",미즈타니 오사무 지음 ; 김현희 옮김,에이지21,2005,6360
대한민국 선진화 전략,박세일 지음,북이십일,2006,3018
이효석 유진오 외,최원식 외 엮음,창비,2005,9555
신나는 마술사 : 정두리 동시집,정두리 지음 ; 노인경 그림,문학과지성사,2011,3531
1박2일 가족여행 시티투어 : 전국 시티투어를 통해 쉽게 갈 수 있는 우리나라 여행지 소개,세계견문록 지음,성하books,2011,9379
(시스템 관리자를 위한) 시간관리 전략,지은이: 토머스 리먼첼리 ; 옮긴이: 김지원,한빛미디어,2007,8095
Prisonbreak로 영어감옥 탈출하기,박수진 지음,스크린영어사,2008,3185
아멜리아 이어하트,베틀북 .편집부,베틀북,0,5221
도덕 발달과 도덕 교육,추병완 저,하우,2007,9384
"나노바이오, 미래를 여는 기술",리처드 존스 지음 ; 김태억 옮김,궁리출판,2007,9540
윌리 러셀,베틀북 .편집부,베틀북,0,2784
(디지털 사진가를 위한)color balance card : power user,[일공육사 편집부 편],일공육사,2006,2065
신화의 끝,이 영 지음,좋은벗,2000,2135
장자,[장자 저] ; 기세춘 옮김,바이북스,2008,2602
길잃은 무지개 물고기,"피스터, 마르쿠스",시공주니어,2008,1035
한국사편지. 4 : 조선 후기부터 대한제국 성립까지,박은봉 지음,책과함께어린이,2009,2192
"장군과 제왕. 1, 대륙의 별, 장군 고선지",이덕일 지음,웅진씽크빅,2005,9038
비 오는 날이 왜 좋을까?,노루궁뎅이 창작교실 글 ; 반성희 그림,노루궁뎅이,2012,1146
세월의 돌. 3 : 봄의 대륙을 가로질러,전민희 지음,제우미디어,2010,1256
가난한 집 맏아들 : 대한민국 경제정의를 말하다,유진수 지음,한국경제신문,2012,4139
"야생의 초원, 세렝게티",최삼규 글 ; 김수만 사진,현암사,2004,4264
진보의 미래 : 다음 세대를 위한 민주주의 교과서,노무현 지음,동녘,2009,3697
슬플 땐 매운 떡볶이  : 강정연 장편동화,강정연 지음  ; 김미희 그림,비룡소,2011,8088
밤 : 마크 레비 장편소설. 2,마크 레비 지음 ; 강미란 옮김,열림원,2011,7259
새야 녹두새야,안도섭 저,푸른사상,2002,9576
TOEIC 영단어 이젠 문장으로 외운다,Kazuhiro Ikeda 지음,행담출판,2010,8599
발달심리학 거장들의 핵심이론 연구,Ross D. Parke...[등]엮음 ; 이민희 ; 정태연 [공]옮김,학지사,2004,2751
공작부인 이야기,제프리 초서 지음 ; 김재환 옮김,나남,2009,8372
거울 옷을 입은 아이들,김진경 글 ; 조성흠 그림,문학동네,2009,5756
선물이 꼭 필요한 날,천즈위안 글.그림 ; 김현좌 옮김,베틀북,2005,8785
장이 : 사라져가는 토종문화를 찾아서,이용한 글 ; 심병우 사진,실천문학사,2001,6033
살아있는 지리 교과서. 1 : 자연지리-사람과 자연의 조화로운 공존,전국지리교사연합회 지음,휴머니스트,2011,7171
문제해결력 트레이닝,"나라이 안 지음, 김영철 옮김",일빛,2003,6767
진짜 일하러 회사에 가라! : 직장 상사 누구도 해주지 않는 16가지 이야기,"래리 윙겟 지음, 김유신 옮김",랜덤하우스코리아,2008,4274
원효 구도의 길,장성재 글,"경상북도,동국대학교 산학협력단",2013,8867
윤동주 시어 사전,조재수 지음,연세대학교 출판부,2005,1448
장발장 : 논술대비 세계명작,"빅토르, 위고 원작, 강명희 엮음, 김세온 그림",지경사,2006,6983
패러독스 범죄학,이창무 지음,메디치미디어,2010,1846
이별의 능력,김행숙,문학과지성사,2007,1388
야외교육론,김관진 ; 이광수 공지음,대경북스,2011,9125
(김정기·조성복) 가정의 살림살이,김현경 ; 박성연 ; 이건욱 [공]지음,국립민속박물관,2009,2283
조선 후기 유림의 사상과 활동,권오영 지음,동베개,2003,6288
현상학으로 가는길. 1,이영호 지음,성균관대학교,1995,9826
"지금, 사랑해도 될까요?",제임스 패터슨 ; 가브리엘 샤보네트 [공]지음 ; 조동섭 옮김,밀리언하우스,2010,1863
율이네 집,조수정 글.사진,아트북스,2009,3374
종묘의궤. 1,한국고전번역원 기획 ; 선종순 옮김,김영사,2009,2974
레옹과 발명 이야기,아니 그루비 지음  ; 김성희 옮김,진선아이,2012,3903
(과학선생님이 들려주는)우주 이야기,이광렬,일진사,2012,1649
제인 에어 납치사건,재스터 포드 지음 ; 송경아 옮김,북하우스,2003,3591
당신은 장애를 아는가 : 장애·장애 문제·장애인 운동의 사회적 이해,김도현 지음,메이데이,2007,8253
인간은 왜 악에 굴복하는가,찰스 프레드 앨퍼드 지음 ; 이만우 옮김,황금가지,2004,5958
꺼벙이 억수와 방울 소리,윤수천 글  ; 원유미 그림,좋은책어린이,2011,3737
(쉽게 만드는 내 몸에 맞는)천연향수,배혜현 지음,봄풀,2011,1491
분홍리본의 시절 : 권여선 소설집,권여선,창비,2007,7323
교육사회학,김신일 [저],교육과학사,2007,9960
Goldilocks and the three bears,edited by Award Publication,Award,2008,5468
(빌 브라이슨의)대단한 호주 여행기,빌 브라이슨 지음 ; 이미숙 옮김,알에이치코리아,2012,1238
암스트롱이 들려주는 달 이야기,정완상 지음,자음과모음,2005,3026
(통계자료분석을 위한) SAS 활용과 실습,정기문 ; 한성실 ; 김정렬 공저,OK Press,2003,1812
특허권남용의 경쟁법적 규율  : 표준을 중심으로 본 경쟁법과 지적재산권,최승재 저,세창출판사,2010,3843
배려 : 귀찮은 것이 삶이 될 때 우리는 비로소 '왕'이 된다,이의섭 지음,지식공감,2013,2322
풍수. 1 : 산국,김종록 지음,나남출판,2006,5783
봄날은 간다 : 신화 속으로 떠난 이윤기를 그리며,이윤기 외 지음,섬앤섬,2011,9881
추상표현주의 예술가,베틀북 .편집부,베틀북,0,9153
그 남자네 집,박완서 저,세계사,2012,8257
한국 근대사 산책. 7 : 간토대학살에서 광주학생운동까지,강준만 지음,인물과사상사,2008,3604
합리성의 새로운 지평,존 써얼 지음 김기현 외 옮김,철학과 현실사,2001,9348
(굶지 않고 3개월에 16kg 빼는)하루 걸러 다이어트,제임스 B. 존슨 ; 도널드 R. 로브 시니어 지음 ; 박선령 옮김,더블book,2010,9755
하프타임 쇼크,밥 버포드 지음 ; 이창신 옮김,국제제자훈련원,2010,6400
할아버지의 붉은 뺨,"야니쉬, 하인츠",웅진주니어,2006,8387
빨래판도 잘 보면 팔만대장경이다 : 아는 것 같은데 잘 모르고 있는 역사 용어 상식 톺아보기,전병철 지음,살림터,2012,1654
"(고도원의)아침편지. 두번째, 작은 씨앗 하나가 모든 것의 시작이다",고도원 지음,청아출판사,2005,7097
클래식이 필요한 순간들,홍승찬 지음,책읽는수요일,2012,1243
내 잠속에 비내리는데,이외수 [저],해냄,2006,2558
한국의 세계유산 : 1995-2010,문화재청 엮음,눌와,2010,6279
파스칼의 실수,플로랑스 세이보스 글 ; 미셸 게 그림 ; 최윤정 옮김,비룡소,2003,4046
상처 이야기,니시오 이신 저 ; Vofan 일러스트 ; 현정수 옮김,학산문화사,2011,7180
미국의 굴욕 : 우리가 꼭 알아야 할 미국의 5가지 불편한 진실,크리스 헤지스 지음 ; 김한영 옮김,아름드리미디어,2011,2262
종교란 무엇인가 : 신의 실체에서 종교 전쟁까지,오강남 지음,김영사,2012,1058
인의로 천하를 얻다 : 정사로 읽는 인물 삼국지,진수 지음 ; 진화승 편저 ; 이미영 옮김,팩컴북스,2011,6887
Arthur and the big blow-up,"Brown, Marc",Little Brown and company,2009,5813
(자연속으로 떠나는)현장학습 여행,김재일 글 ; 오세호 그림,랜덤하우스중앙,2004,1148
(조선/한국의)내셔널리즘과 소국의식,기무라 간 지음 ; 김세덕 옮김,산처럼,2007,9962
고전의 샘에 마음을 적시다,이정자 지음,국학자료원,2009,7534
산중암자에서 듣다 : 전국 25개 암자에서 듣는 깨달음의 이야기,박원식 글 ; 주민욱 사진,북하우스 퍼블리셔스,2011,7878
아이가 잘 먹는 채소반찬  : 고기보다 맛있다!,채남수 지음,미디어윌,2012,3331
주말여행 컨설팅북,이민학  ; 유은영 [공]지음,랜덤하우스코리아,2012,1546
부활 : 논술대비 세계명작,"톨스토이 지음, 소중애 엮음",지경사,2006,7749
수업을 왜 하지?,서근원 지음,우리교육,2003,2769
행복한 가족요가,김상운 ; 신성구 ; 최윤석 [공]지음,동도원,2005,3735
사랑해요 아빠,이은하 글 ; 유명희 그림,삼성당,2011,8443
구원이란 무엇인가,김세윤,두란노,2001,8037
참여정부 인사개혁의 현황과 과제,김중양 편,나남출판,2005,8169
농구용어사전,"김영수, 이우재, 손대범",KBL,2008,9603
하버드 스타일,강인선 지음,웅진지식하우스,2007,6281
(청소년을 위한)만만한 경제학 : EBS 공부의 왕도 김민준의 재미있는 경제이야기,김민준 지음,지공신공,2011,8016
(PR Korea)우리 문화 중국어로 자랑해봐,범노신 ; 박계연 [공]지음,윈타임즈,2008,5863
성경읽고 위대한 영웅이 되라,전광 지음,두란노,2004,6048
스승님이라 부르리까,이필영 지음,동심원,2009,1895
(영잘원's)왕초보 필수영숙어 사수하기. 1,JD Kim 지음,ETS bank,2009,6437
(고고씽~)독일에 가다!,이희정 글 ; 윤유리 그림,가나,2009,6565
국어국문학사전 상권. 1,이응백 ; 김원향 ; 김선풍 감수,한국사전연구사,2001,6982
"서울, 건축의 도시를 걷다. 2, 강남 일대와 부도심",임석재 지음,인물과사상사,2010,9895
종이로 사라지는 숲 이야기,맨디 하기스 지음 ; 이경아 옮김,상상의숲,2009,1022
마을숲과 참살이,김종원 ; 강판권 외 공저,계명대학교,2007,8456
(점수를 확 올려주는)JPT 800 단번에 공략하기,서경원 저,시사일본어사,2009,3346
월요일에 모든 것이 달라졌다,크리스티네 뇌스틀링거 글.그림 ; 유혜자 옮김,개암나무,2011,6320
꿈·희망·미래,스티브 김 지음,21세기북스,2009,4729
전파가 퐁당퐁당,[한국방송통신전파진흥원 편],한국방송통신전파진흥원,2010,1546
(꼭 읽어야 할)한국 명수필 111선,피천득...[등]저,타임기획,2004,1354
"상상력의 창고, 디즈니 : 월트 디즈니",김용규 지음 ; 유승렬 그림,아테나,2012,4556
슬로 라이프,쓰지 신이치 지음 ; 김향 옮김,디자인하우스,2005,5091
(체험하고 즐기며 원리를 깨우치는) 과학박물관,국립과천과학관  ; 권은아 [공]지음  ; 국립과천과학관 사진  ; 김은희 그림,행성비,2011,1704
일본 장례문화,"송천호, 장만석 공저",명지대학교 출판부,2005,8204
어떻게 그릴까?,안 포르슬린드 글.그림 ; 이승윤 옮김,비룡소,2004,8973
신은 위대하지 않다,크리스토퍼 히친스 지음 ; 김승욱 옮김,알마,2012,6018
(초등학생을 위한)한시 교과서,백태명 지음,넥서스아카데미,2005,8794
명창  : 김일연 시집,김일연,책만드는집,2008,3785
사진노출,윤경미 ; 웰기획 [공]지음,사이버출판사,2009,4097
숯 달고 고추 달고,이춘희 글 ; 이태호 그림,사파리,2011,3000
(모질게 토익)듣기만 해도 느는 토익,홍원표 지음,21세기북스,2010,1275
국보와 보물 이야기,신현배 지음 ; 양동석 그림,현문미디어,2009,1878
첫 문장의 두려움을 없애라,김민영 지음,청림,2011,3646
한국인에게 일본이란 무엇인가 : 일본이라는 거울을 통해 본 우리들의 초상,박상현  저,박문사,2010,9982
우리는 집 지킴이야!,최미란 글·그림,사계절,2011,3365
나만의 미드 & 스크린  : 영문법 트레이닝,이충훈 지음,투리북스,2011,4183
우리말 소반다듬이,권오운 지음,문학수첩,2011,8443
부루퉁한 스핑키,윌리엄 스타이그 글.그림 ; 조은수 옮김,비룡소,2009,2329
초등학생이 꼭 읽어야 할 9가지 중국 교과서 동화,최송림 역  ; 남정임 옮김,학은미디어,2012,8549
"개미  : 베르나르 베르베르 장편소설. 5, 제3부 개미혁명",베르나르 베르베르 지음  ; 이세욱 옮김,열린책들,2008,6255
제국의 꿈 : 강동호 퓨전 판타지 장편소설. 2,강동호 지음,로크미디어,2010,4542
속독속해. Ⅱ,신동운 ; 신남선 [공]지음,스타북스,2009,5479
한국복식문화2000년,전통을이어가는사람들1,정규오,2001,3813
"냠냠, 맛있게 먹어요",기요노 사치코 글·그림 ; 고향옥 옮김,비룡소,2011,4717
원숭이도 이해하는 자본론,임승수 지음,시대의창,2008,1281
석세스 힐 : 여자의 성공을 부르는 100일간의 특별한 주문,"리즈 코니시 지음, 신선해 옮김",넥서스Biz,2008,3862
혼불 : 대하소설. 2부 3 : 평토제,최명희 지음,매안,2011,8689
네 인생인데 한 번뿐인데 이대로 괜찮아?,크리스 길리보 지음  ; 주민아 옮김,21세기북스,2011,9441
(강대인의)유기농 벼농사,강대인 지음,들녘,2005,3746
"물이, 길 떠나는 아이",임정자 글 ; 지혜라 그림,문학동네어린이,2005,6840
감자 : 김동인 단편선,김동인 지음 ; 정호웅 엮음,현대문학,2011,8214
(과학과 기술로 본) 세계사 강의,제임스 E. 매클렐란 3세 ; 해럴드 도른 공저 ; 전대호 옮김,모티브북,2006,2339
모든 개는 다르다 : 시간 속에 숨은 51가지 개 이야기,김소희 지음,페티앙북스,2010,6767
난 멋진 형아가 될 거야 : 이미애 창작동화,이미애,푸른책들,2012,5223
넉점반 [베트남어 공동표기],이영경,창비,2007,8519
조명암 시전집,조명암 지음 ; 이동순 엮음,선,2003,8665
삼진아웃,"이중현 글, 전병준 그림",문학동네,2007,6068
죽은 경제학자의 살아있는 아이디어,토드 부크홀츠 지음 ; 이승환 옮김,김영사,2005,2925
발효응용공학,고종호 [등]공저,보문각,2011,4572
강산이는 힘이 세다,김종일 동화  ; 배은경 그림,강같은평화,2011,2875
부자가 된 삼형제,이현주 글  ; 이수아 그림,비룡소,2011,5212
손정의 미래를 말하다 : 소프트뱅크 신 30년 비전,소프트뱅크 신 30년 비전 제작위원회 지음,소프트뱅크커머스,2011,4027
황금비늘. 1,이외수 지음,해냄출판사,2005,9314
전나무와 매  : 전민희 장편소설,전민희 지음,제우미디어,2011,4836
"장군과 제왕. 2, 중원의 고구려, 제왕 이정기",이덕일 지음,웅진씽크빅,2005,7733
물방울,메도루마 슌,문학동네,2012,5115
수학 문명을 지배하다,모리스 클라인 지음 ; 박영훈 옮김,경문사,2005,2157
책 읽기 좋아하는 할머니,존 윈치 글.그림 ; 조은수 옮김,파랑새어린이,2006,2481
램브란트,더글라스 매너링저 ; 심은신 역,한국프뢰벨주식회사,1998,2406
괴물의 탄생,우석훈 지음,개마고원,2009,7907
세상을 바꾸는 천 개의 직업,박원순 지음,문학동네,2012,5300
"민주주의를 만든 생각들. [2], 근현대 편",구민정  ; 권재원 [공]엮음,휴머니스트,2011,3269
담헌 홍대용  : 1731~1783,천안박물관 [편],천안박물관,2012,9938
(백제의 마지막 혼)계백  : 이수광 역사소설,이수광 지음,미루북스,2011,8084
중국의 부상  : 동아시아 및 한중관계의 함의,"전성흥, 이종화 편",오름,2008,6922
지도에 없는 섬 하나를 안다,임영조,민음사,2001,4949
"녹색 핸드백, 스기하라 사야카. 15세 가을",아카가와 지로 지음 ; 한성례 옮김,씨엘북스,2012,1038
"그래, 중국으로 떠나자 : 나 홀로 떠난 24,000km 93일간의 중국 여행기",황성룡 지음,행복에너지,2013,1315
내 안의 풍경 : 청호스님 에세이,청호스님 지음,청어,2008,8896
(파브르가 들려주는)자원 곤충이야기,한영식 지음,자음과모음,2012,8392
"(전국 시장,군수,구청장이 추천하는)우리고장 문화유산. 1","전국 시장,군수,구청장협의회 편",개마서원,1998,1161
춘추좌전. 3,좌구명 지음 ; 신동준 옮김,한길사,2006,5541
밤의 노예,미셸 오스트 지음 ; 이재형 옮김,문예출판사,2004,7812
걷는 것이 쉬는 것이다,김산환 글.사진,실천문학사,2009,9850
장화가 사라졌어요,"예센, 이다",현북스,2012,5078
헤밍웨이와 파리의 아내,폴라 매클레인 지음 ; 이은선 옮김,21세기북스,2012,6433
(IBM)한국보고서,IBM 지음,한국경제신문,2007,1605
(검피 아저씨의)뱃놀이,존 버닝햄 글.그림 ; 이주령 옮김,시공주니어,2008,9892
국제관계와 현대사회 그리고 시민교육,허영식 저,원미사,2007,4223
연의 바다. 1,이리리 지음,신영미디어,2007,5638
포스트 민주주의,콜린 크라우치 지음 ; 이한 옮김,미지북스,2008,5963
여섯 사람,데이비드 매키 글.그림 ; 김중철 옮김,비룡소,2010,2095
카셀이 들려주는 환율 이야기,승지홍 저,자음과모음,2012,8401
증도가 언기주 : 깨달음의 노래,제월통광 현토역주,불광,2007,5499
대한민국 럭셔리 여행지 50 : 해외여행 부럽지 않은 우리나라 명품여행,유철상 지음,랜덤하우스코리아,2010,3280
조선조 유학자의 중용읽기,"서경요, 김유곤 지음",문사철,2009,3339
Haunted Castle on Hallows Eve .30,"Osborne, by Mary Pope",Random House,2013,4070
변화·공감·소통,김현경 ; 박성연 ; 이건욱 [공]지음,국립민속박물관,2009,7004
(JAVA 프로그래머를 위한)알고리즘과 자료구조,Yoshiyuki Kondou 저 ; 임병균 역,영진닷컴,2005,4121
땅 위를 보는 풍수vs. 땅속을 보는 풍수,김경순 지음,대도대한,2001,7342
햇빛 잘잘 끓는날 : 신현배 동시집,"신현배 지음 ; 김세영, 박희진 [공]그림",가꿈,2011,6525
배를 타고 야호!,피터 시스 그림,시공주니어,2011,5429
공기는 어디에나 있어,프랭클린 M.브랜리 글  ; 할리 켈러 그림  ; 햇살과 나뭇꾼 옮김,웅진,2005,4754
(Margret & H.A. Rey's)Curious George's Dream,"Rey, H.A",HMCo,2010,5973
진심 어린 거짓말,케르스틴 기어 지음 ; 전은경 옮김,퍼플북스,2010,4531
"선생님, 괜찮으세요?",필립 던 지음 ; 김경숙 옮김,사이,2011,8641
현대패션과 서양복식 문화사,배수정 외,수학사,2008,1813
"구당 김남수, 침뜸과의 대화",이상호 지음,동아시아,2009,6692
사할린은 눈물도 믿지 않는다 1,신중신 지음,청동거울,2001,3709
가정상담학의 이해,류종훈 저,청목출판사,2001,9771
역사를 쓰다 : 이이화 자서전,이이화 지음,한겨레출판,2011,9833
쉿! 바다의 비밀을 말해 줄게,권수진 ; 김성화 [공]글 ; 김유대 그림,토토북,2008,5500
아메리칸,"제임스, 헨리",민음사,2005,9424
심장 뛰는 소리를 들어 봐,폴 샤워스글  ; 할리 켈러 그림  ; 햇살과 나뭇꾼 옮김,웅진,2005,2463
(우파 루파의)지구별 살리기 프로젝트,강주희 글  ; 김영아 그림,살림,2012,5025
"(서유기의)삼장법사, 실크로드에서 진리를 찾다",프리실라 갤러웨이  ; 돈 헌터 [공]지음  ; 양녕자 옮김,아카넷주니어,2012,1377
이승휴의 삶과 정치활동,장을병 지음,경인문화사,2008,7007
사명대사  : 일본탐정기  : 박덕규 역사소설,박덕규,랜덤하우스코리아,2010,8990
예루살렘 : 공살루 M. 타바리스 장편소설,공살루 M. 타바리스 지음 ; 엄지영 옮김,열린책들,2011,5035
유비쿼터스 사회를 향한 기술과 서비스,이기혁 ; 류영달 ; 김진영 [공]저,진한M＆B,2005,4498
폭풍의 언덕,"브론테, 에밀리",하서출판사,2010,1722
우남 이승만 연구,정병준 지음,역사비평사,2005,2085
울고 싶어도 내 인생이니까,백정미 지음,함께북스,2011,4957
도둑괭이 공주 : 황인숙 장편소설,황인숙 지음,문학동네,2011,2727
우리 동네 최강 짝꿍,루이스 B. 몽고메리 글 ; 에이미 워머 그림 ; 강성순 옮김,주니어김영사,2011,8229
봄바람,박상률,사계절,2005,3897
고려사 이야기 : 명종부터 공양왕까지. 3,"박영규 글, 최상규 그림",주니어김영사,2006,1758
미망. 2,박완서 저,세계사,2012,4477
초등 고전 읽기 혁명 : 내 아이가 고전에 빠져든다! 성장한다!,송재환 지음,글담출판사,2011,2003
교육은 사회학적 이해,김천기,학지사,2001,1110
상식지존 뇌를 깨워라,송정림 글 ; 장영우 그림,글로세움,2006,8038
콩숙이와 팥숙이,이영경 글·그림,비룡소,2011,3513
전환의 시대를 넘어  : 이승윤 회고록,이승윤,투데이미디어 출판부,2011,4865
"그들은 아는, 우리만 모르는",김용진 지음,개마고원,2012,2705
시적 진실의 인식과 미적 체험 : 김종윤 평론집,김종윤 지음,황금알,2010,4810
배려의 교육,김수동 지음,장서원,2005,9446
한국의 아파트 연구,발레리 줄레조 지음 ; 길혜연 옮김,아연출판부,2004,4705
(장편소설)신사의 품격. 2,김은숙 극본 ; 박민숙 소설,아우름,2012,8655
변하고 있는 미국 교육,저자: 박세훈,원미사,2008,2221
(쉽게 만드는 내 몸에 맞는)천연향수,배혜현 지음,봄풀,2011,1491
(돈되는)부동산 경매로 싸게 사들이기,박용석 지음,시대의창,2003,3900
그대 아직도 꿈꾸고 있는가,박완서 저,세계사,2012,1472
(사람의 아들)붓다. 2,"디팩 초프라 지음, 진우기 옮김",푸르메,2007,2705
꿈의 교실,고봉익 지음,해와비,2012,4118
화가 날 때도 있는 거야,"크로일, 홀데",풀빛,2012,2532
녹색평론선집. 3,김종철 엮음,녹색평론사,2008,3152
좋은 아빠 되기 프로젝트,김성묵 지음,두란노서원,2008,7474
9월에 읽는 이야기,이규희  ; 김경화  ; 최향숙 [공]글  ; 최정인 [외]그림,기탄교육,2012,7481
마네,나다니엘 해리스저 ; 정연심 역,한국프뢰벨주식회사,1998,9138
청화 큰스님. 2,남지심 지음,랜덤하우스중앙,2005,2039
알키비아데스 Ⅰ.Ⅱ,플라톤 지음 ; 김주일 ; 정준영 [공]옮김,이제이북스,2007,2694
"뭐라, 내한테서 찔레꽃 냄새가 난다꼬 : 이지누가 만난 이 땅의 토박이, 성주 문상의 옹",이지누 글.사진,호미,2008,1320
고요한 집. 2,오르한 파묵 저  ; 이난아 역,민음사,2011,8640
생활지도,김영광 [저],교육대학원,2006,5301
낯선 땅에 홀리다,김연수 외 지음,마음의숲,2011,6118
"국민연금, 공공의 적인가 사회연대 임금인가",오건호 지음,책세상,2007,1765
이슬이의 첫 심부름,쓰쓰이 요리코 글 ; 하야시 아키코 그림 ; 이영준 옮김,한림출판사,2010,8430
벌거벗은 이력서,감현주 ; 이재은 [공]지음,휘즈프레스,2007,6260
가면의 꿈,이청준 지음,열림원,2002,1709
리타 헤이워드와 쇼생크 탈출 : 스티븐 킹의 사계 봄·여름,스티븐 킹 지음 ; 이경덕 옮김,황금가지,2010,3936
교사는 어떻게 성장하는가 : 두 교사의 교실 기록으로 들여다본 초등학교,박남기 ; 박점숙 ; 문지현 [공]지음,우리교육,2008,9322
공주를 구한 삼형제,안수연 새로엮음 ; 구반장 그림,교원,2011,4733
죽음학 : 죽음에서 삶을 만나다,임기운 외저 ; 전병술 옮김,모시는 사람들,2012,5469
도쿠가와가 사랑한 책,고운기 지음,현암사,2009,6181
달빛 아래 연경에서 노닐며,홍석모 저  ; 이관성 역,문진,2010,9936
(스벤 헤딘 자서전)마지막 탐험가,스벤 헤딘 지음 ; 윤준 ; 이현숙 옮김,뜰,2010,1585
보석 사랑을 훔치다 : 보석은 인간이 만들어 낸 가장 아름다운 예술품이자 영원히 빛나는 권력이다,쉬레이 엮음 ; 이정은 옮김,시그마북스,2011,4841
파도야 놀자,이수지 지음,비룡소,2009,4575
(내 가족을 지키는)방사능 상식사전,하미나 [등]지음,21세기북스,2011,8680
아인슈타인의 최대 실수,도널드 골드스미스 ; 박범수 옮김,동문선,2003,5614
파한집,이인로 지음 ; 구인환 엮음,신원문화사,2004,9856
스포츠 인문학  : 새로운 도전과 길 찾기,체육사상연구회,레인보우북스,2008,6143
(역사를 이끈)아름다운 여인들,김정미 지음,눈과마음,2005,4430
허클베리 핀의 모험,"트웨인, 마크",삼성,2012,3419
민주화 이후의 민주주의,최장집 지음,후마니타스,2005,1007
시각예술과 언어철학,신방흔,생각의 나무,2001,6508
미래는 너희들 세상이란다,서찬석 ; 이은정 [공]글 ; 한희란 그림,모두북스,2005,4504
고통받는 사람들을 위한 명상집,패트리아 넬슨 지음 ; 장이정 옮김,책나라,1995,7918
중국 화상석과 고분벽화 연구,전호태 지음,솔출판사,2007,5749
돈이 머니? 화폐 이야기 : 경제에 눈뜨는 첫 물음,파스칼 에스텔롱 글·그림 ; 허보미 옮김,톡,2011,4210
"카페를 100년간 이어가기 위해 : 카페 바흐, 타구치 마모루의 경영 노트!",타구치 마모루 지음 ; 윤선해 옮김,황소자리 출판사,2012,2016
"먹고,먹히고",패트리샤 G.로버 글  ; 할리 켈러 그림  ; 햇살과 나뭇꾼 옮김,웅진,2005,6294
호머 이야기 : 논술대비 세계명작,"호머 원작, 신동일 엮음, 유도영 그림",지경사,2006,7408
"(퇴근 후 30분)영어 비밀 과외. [3], 스피킹 영문법 편",샤이니 지음,로그인,2012,8580
(우리말)팔만대장경 : 신편,대한불교청년회 편,모시는사람들,2011,6474
장애란 뭘까?,"레스니데르, 엘렌 드",톡,2012,4330
밥상 위의 안부,이중기,창작과비평사,2001,2216
(하룻밤에 읽는)신약성서,이쿠다 사토시 지음 ; 오근영 옮김,랜덤하우스,2010,6599
"로마, 천년의 지식사전",고바야시 고즈에 지음 ; 송수영 옮김,밀리언하우스,2006,4812
오륙도의 식물,강완수 ; 남정칠 [공저],세종출판사,2002,5477
캣츠,T.S. 엘리엇 [지음] ; 김승희 옮김 ; 에드워드 고리 그림,문학세계사,2008,8034
바람 없는 천지에 꽃이 피겠나 : 김재규 평전,문영심 지음,참언론 시사in북,2013,9547
백범일지  : 백범 김구 자서전,김구 저  ; 도진순 주해,돌베개,2005,7537
(속)항설백물어 : 교고쿠 나쓰히코 소설,교고쿠 나쓰히코,비채,2011,2895
귀를 기울이면  : 조남주 장편소설,조남주 저,문학동네,2011,9874
(김창환 교수의)DMZ 지리 이야기,김창환 지음,살림터,2011,9325
세 발 달린 황소,정수민,삼성,2012,4976
포엠툰  : 우리가 다시 사랑할 수 있을까?,정헌재 글·그림,대교,2012,6728
워킹걸의 함정  : 2030 여성을 위한 워크 라이프 밸런스,"우에다 히사노 지음 , 민혜홍 옮김",토파즈,2009,5397
구럼비의 노래를 들어라,이주빈 지음,오마이북,2011,2624
초인의 전설. 2,이원호 지음,은행나무,2005,2436
"그게 바로, 너야!",라스칼 지음 ; 만다나 사다트 그림 ; 여은경 옮김,여우고개,2011,7807
(만화)한국사 바로 보기. 4 : 남북극 시대,김미영 글 ; 이현세 만화,녹색지팡이＆프레스,2007,3463
젊은 히포크라테스를 위하여 : 정준기 산문집,정준기 지음,서울대학교 출판문화원,2011,3925
자투리 천 손바느질,사카이 기요미 지음  ; 이재화 옮김,나무수,2011,7445
(21세기 문화 콘텐츠를 위한)영미시와 철학문화,이규명 지음,동인,2011,1936
지도자 평생 개발론,"로버트 클린턴 지음 ; 장남혁, 황의정 [공]옮김",하늘기획,2011,3856
백기사 신드롬,메리 라미아 ; 매릴린 크리거 [공]지음 ; 이창신 옮김,미래인,2009,8652
슬픈 종소리,송언,사계절,2004,3576
(생명의 암호를 풀다)유전자,"아셍, 네이선 지음 ; 이한음 옮김",지호,2002,3996
무지개 물고기와 흰수염고래,"피스터, 마르쿠스",시공주니어,2008,9018
(2011-2012)CAMU modus,명지대학교 건축대학 건축학부 지음,시공문화사,2012,6806
두 개의 심장 : 류다현 장편소설,류다현 지음,파란미디어,2012,4636
제비꽃 여인숙,이정록,민음사,2002,2777
"의자왕을 고백하다  : 의자왕과 계백, 진실은 무엇인가?",이희진 지음,가람기획,2011,8101
(소설)서동요. 1,김영현 극본 ; 정재인 소설,지식공작소,2005,2838
건국의 정치,김영수 지음,이학사,2006,4360
서울 동굴 가이드,김미월 지음,문학과지성사,2007,3609
방해자. 2,오쿠다 히데오 지음 ; 김해용 옮김,북스토리,2009,5363
숭례문 현판 보존처리,국립문화재 연구소  편,국립문화재연구소,2009,5524
꿈은 이루어진다 : 청소년 진로탐색 워크북,남성현 편저,진리탐구,2007,7253
동양의 고대 커뮤니케이션 사상,박허식 지음,커뮤니케이션북스,2008,5806
시인의 모자,임영조,창작과비평사,2003,3973
그리스 로마신화 : 논술대비 세계명작,"토머스, 불핀치 원작, 노병식 엮음, 유도영 그림",지경사,2006,8652
"웰컴 투 코리아, 알렉스",류호선 글 ; 윤지회 그림,시공주니어,2011,7236
기적의 무대가 된 교회  : 고난은 은혜의 시작이었다,사토 아키라 지음  ; 이민영 옮김,두란노,2012,6289
지명으로 알아보는 교실 밖 세계사,쓰지하라 야스오 지음 ; 이기화 옮김,혜문서관,2005,5529
(컬러로 보는 알기쉬운) 알기쉬운 식품위생학,"금종화, 김성영, 김정목, 박경숙, 박신인, 소명환, 손규목, 오승희, 유영균, 이극로, 이미옥, 이상일, 조석금, 채용 ",효일,2010,6502
"디스플레이 공학. 1, LCD",김상수 ; 김현재 ; 이신두 공저,청범출판사,2006,6100
형식 의미론 입문,문귀선 지음,한성대학교 출판부,2011,9763
유혹 : 권지예 장편소설. 4,권지예 지음,민음사,2012,2051
구보 박태원의 시와 시론,곽효환 편저,푸른사상,2011,7035
눈의 여왕,한스 크리스티안 안데르센 지음  ; 이옥용 옮김,보물창고,2012,1254
북한 이해. 2010,통일부 통일교육원 [편],통일부 통일교육원,2010,3559
라틴아메리카의 문화적 민족주의  : 벽화 · 국민음악  · 축구를 통해 본 정체성 정치,이성형 지음,(도서출판)길,2009,4488
파리5구의 여인 : 더글라스 케네디 장편소설,더글라스 케네디 지음 ; 조동섭 옮김,밝은세상,2012,8957
미래를 바라보며  : 이케다 다이사쿠 에세이집,이케다 다이사쿠 지음,연합뉴스 동북아센터,2009,3320
나의 멘토 나의 성인,제임스 마틴 지음  ; 성찬성 옮김,가톨릭,2011,2855
감각을 깨우는 영화창작놀이  : 어린이와 함께 하는 영화제작,"이지은, 채승우 지음",보리별,2007,7554
재미있는 육상경기 이야기,고두현 지음,2011 대구 세계육상선수권대회 조직위원회,2008,2166
"사랑의 시, 이별의 노래  : 이정식 가곡 에세이",이정식 지음,한결미디어,2011,3131
(출퇴근 길)텐미닛 영어회화,박신규 저,RHK,2012,1345
Arthur and the bad-luck brain,"Brown, Marc",Little Brown and company,2009,5036
신은 언제나 익명으로 여행한다  : 로랑 구넬 장편소설,로랑 구넬 지음  ; 김주경 옮김,열림원,2012,4773
한국 자전의 역사,박형익 지음,역락,2012,6568
(삶과 죽음을 바라보는)티베트의 지혜,소걀 린포체 지음 ; 오진탁 옮김,민음사,2007,7392
바로 또 거꾸로,앤 조나스 글.그림 ; 이상희 옮김,비룡소,2009,8898
"음식, 그 상식을 뒤엎는 역사",쓰지하라 야스오 지음 ; 이정환 옮김,창해,2002,3301
레오나르도 다 빈치의 식탁,와타나베 레이코 지음 ; 박유미 옮김,시그마북스,2012,1904
(제1회)통일독서대회 수상작품집. 제1회,[통일문학사 편집부 편],통일문학사,2007,1307
노인과 바다,"헤밍웨이, 어니스트 밀러",삼성,2012,8808
한국의 교육개혁은 왜 실패하였는가?,이해명 지음,교육아카데미,2005,5714
귀뚤귀뚤 귀뚜라미,멜빈 버거 글  ; 메건 로이드 그림  ; 햇살과 나뭇꾼 옮김,웅진,2005,6694
아라비안 나이트,권영미,삼성,2012,6336
아인슈타인의 최대 실수,도널드 골드스미스 ; 박범수 옮김,동문선,2003,5614
빨간 머리 앤 : 논술대비 세계명작,"루시 모드, 몽고메리 원작, 황용희 엮음, 손민지 그림",지경사,2006,6822
대전100년사. 1,대전광역시사편찬위원회 편,대전광역시사편찬위원회,2002,3027
캣츠,T.S. 엘리엇 [지음] ; 김승희 옮김 ; 에드워드 고리 그림,문학세계사,2008,2585
김광석 부치지 않은 편지,문제훈 엮음,여름숲,2012,6974
술 술 술 더 이상 문제가 아니어요 : 알코올중독자들에게 참 평화가 있기를,"허근, 김지연 공저",공동체,2011,6251
(Who?)마하트마 간디,오영석 글  ; 이종원 그림,다산어린이,2012,6378
논증하는 글쓰기의 기술,채석용 지음,소울메이트,2011,6375
인간을 위한 경제학  : 고전으로 읽는 경제사상사,홍훈 지음,길,2008,1903
나도 말 잘하는 남자가 되고 싶었다,데이비드 세다리스 지음  ; 조동섭 옮김,웅진씽크빅,2011,5463
(피아노 반주CD가 있는)첼로명곡선,"조은정, 최사라 [공]편곡",삼호ETM,2011,9057
시간의 목소리,에두아르도 갈레아노 지음 ; 김현균 옮김,후마니타스,2011,8933
채만식 김유정,최원식 외 엮음,창비,2005,2576
"덕수궁  : 시대의 운명을 안고, 제국의 중심에 서다",지은이: 안창모,동녘,2010,1144
교과교육학의 새로운 패러다임 : 교과학의 이론과 실제,강현석,아카데미프레스,2006,7562
(족보문제와 답변으로 완성하는)오픽 족보집  : level IM 2·3,김혜진 지음,웅진패스원,2012,4028
남자 대 남자,장폴 뒤부아 지음 ; 김민정 옮김,밝은세상,2007,5053
페러그린과 이상한 아이들의 집,랜섬 릭스 지음  ; 이진 옮김,폴라북스,2011,3962
불멸의 신성가족,김두식 지음,창비,2009,4444
상식 밖의 유전자,마크 핸더슨 지음  ; 윤소영 옮김,을유문화사,2012,4464
닭가슴살 요리 60 : 맛있는 다이어트,이양지 요리 ; 최해성 사진,리스컴,2011,1532
느티는 아프다,이용포,푸른책들,2006,1833
톰 아저씨의 오두막집 : 논술대비 세계명작,"해리엣, 비처 스토 원작, 황용희 엮음, 오기철 그림",지경사,2006,5363
시간을 훔친 알베르트 : 알베르트 아인슈타인,한국독서교육연구회 글 ; 박승원 그림,아테나,2011,1237
주시경,장수민 글  ; 서희주 그림,아리샘주니어,2012,9082
영자신문 한번에 읽기,Matsumoto Shigeru [등저] ; 이혜령 옮김,동도원,2006,8095
(Sang A)뉴욕 내러티브 99-09,임상아 지음,살림Life,2009,7789
"난 너무 일찍 온 것일까, 늦게 온 것일까",유재현 지음,강,2006,4847
종이인형  : 황경신의 사랑동화,황경신 지음,BF북스,2011,7232
(생각하는 힘을 키우는)철학하다!,하타케야마 소우 지음 ; 김형주 옮김,지식여행,2012,3356
통아프리카사 : 우리가 한 번도 만나보지 못한 아프리카의 진짜 역사,김시혁 지음,다산에듀,2010,3563
(스튜어디스.스튜어드가 말하는)항공 승무원,원혜경...등지음,부키,2008,7719
국립국악원 공연자료. 1 : 나도 공연 기획자,국립국악원 편,국립국악원,2010,7244
미국의 민주주의. 1,알렉시스 드 토크 빌 지음 ; 임효선 ; 박지동 [공]옮김,한길사,2005,7859
사람 잡는 정체성,아민 말루프 지음 ; 박창호 옮김,이론과실천,2006,8535
장영실은 하늘을 보았다. 2,김종록 지음,랜덤하우스중앙,2005,9803
규슈 셀프 트래블,박상용 글.사진,상상,2012,5685
경전 길라잡이,김대원심 편,동국역경원,2001,1734
라이벌의 역사,"조셉 커민스 지음, 송설희, 송남주 공역",말글빛냄,2009,5519
(젊은 시절에 꼭 해봐야 할)바보같은 일 50가지,김지룡 지음,김&정,2009,4094
태어나 줘서 고마워,니시모토 요우 지음 ; 구로이 켄 그림 ; 권은경 옮김,아이세움,2012,4759
크리스마스를 기다려요,테레사 스미스 글.그림 ; 원지인 옮김,킨더랜드,2010,4562
좌우를 넘는 공감의 정치 : 아픈 정치에 대한 희망처방전,장성호 지음,한국학술정보,2012,3395
"있잖아, 그건 내 책이야",로렌 차일드 지음 ; 김난령 옮김,국민서관,2010,1962
"지구의 끝, 극점을 밟다",마틴 브람웰 글 ; 마지 크로즈비 페어올 ; 앤 윈터보섬 [공]그림 ; 이충호 옮김,문학동네,2005,4867
(만화)한국사 바로 보기. 8 : 조선시대 중,유경원 ; 권민정 글 ; 이현세 만화,녹색지팡이＆프레스,2007,5747
영차영차 그물을 올려라,백남호 쓰고 그림,사계절,2012,9003
"촘스키, 변화의 길목에서 미국을 말하다",노엄 촘스키 지음 ; 데이비드 바사미언 인터뷰 ; 장영준 옮김 ; 장봉군 삽화,시대의창,2009,8310
웹사이트를 위한 콘텐츠 전략,에린 키산 지음 ; 강유선 옮김,웹액츄얼리코리아,2012,1791
조선의 여성들,박무영 ; 김경미 ; 조혜란 [공]지음,돌베개,2007,1110
"공존의 기술 : 방리유, 프랑스 공화주의의 이면",이기라 ; 양창렬 외 지음,그린비,2007,8107
"임진왜란. 4, 그 향기 그 힘으로",박종화 저,달궁,2004,6435
학교학습과 동기,정종진 지음,교육과학사,1997,8951
멋스러운 우리 옛 그림,우리누리 글  ; 조명자 그림,주니어중앙,2012,4965
"개미  : 베르나르 베르베르 장편소설. 4, 제3부 개미혁명",베르나르 베르베르 지음  ; 이세욱 옮김,열린책들,2008,9433
(재미있는)골동 이야기,이상문 지음,선,2007,1649
잠들기 전 10분이 나의 내일을 결정한다,한근태 지음,랜덤하우스,2008,8095
톰슨이 들려주는 줄기세포 이야기,황신영 지음,자음과모음,2005,8491
(커피와 함께)빵·케이크·쿠키,이양지 요리,애플비,2011,3451
시공간의 미래,스티븐 호킹...[등]지음 ; 김성원 옮김,해나무,2006,2147
오늘은 날씨가 어떨까,린다 듀잇 글  ; 캐롤린 크롤 그림  ; 햇살과 나뭇꾼 옮김,웅진,2005,5291
Arthur and the big blow-up,"Brown, Marc",Little Brown and company,2009,7599
(조벽 교수의)인재 혁명,조벽 지음,해냄,2012,2690
공부는 왜 하나?,조은수 글.그림,해그림,2012,3554
(스크린의 독재자) 찰리 채플린,김별아 지음,이룸,2007,7748
불가사리,이디스 허드 글  ; 로빈 브릭먼 그림  ; 햇살과 나뭇꾼 옮김,웅진,2005,5937
정조 치세어록,안대회 글,푸르메,2011,1606
(수학 공부가 즐거워지는)수학일기 쓰기,이정 외 글 ; 김상인 그림,주니어김영사,2011,4525
(청소년을 위한)동양철학사 : 고대 신화부터 현대 동양철학까지,임선영 지음,두리미디어,2010,4498
대한민국 스피킹 살리기 : 정철영어혁명2탄,정철 지음,정철연구소,2010,5266
성경과 고대정치,조병호 지음,통독원,2011,8974
명창 이야기,최동현 지음,신아출판사,2011,9616
선인장 호텔,브렌다 기버슨 글 ; 미간 로이드 그림 ; 이명희 옮김,마루벌,2008,3081
연인을 위한 송가 : 제2회 남촌문학상 수상 수필집,주연아,계간문예,2007,9156
외국영화 포스터 1 : 1953-1969,정종화 엮음,범우사,2001,2270
맥으로 읽는 성경. 1 : 행복코드: 꿈의 성취를 향하여,차동엽 글,위즈앤비즈,2010,4527
엑셀 매크로 VBA,윤경식 지음,웰북,2007,5342
난 멋진 형아가 될 거야 : 이미애 창작동화,이미애,푸른책들,2012,5223
꿈의 도시 : 오쿠다 히데오 장편소설,오쿠다 히데오 지음 ; 양윤옥 옮김,은행나무,2011,6583
"녹색 핸드백, 스기하라 사야카. 15세 가을",아카가와 지로 지음 ; 한성례 옮김,씨엘북스,2012,1038
적,엠마뉘엘 카레르 지음 ; 윤정임 옮김,열린책들,2007,1234
6.25전쟁 60주년 UN 참전 기념시설물 도감. 1 : 국내시설물,국가보훈처 [편],국가보훈처,2010,7981
엠마 : 제인 오스틴 장편소설. 하,제인 오스틴 지음 ; 이미애 옮김,열린책들,2011,1613
벚꽃 뜰,박청호 저.,생각의 나무,2006,8603
쉬 트래블스 : 라틴아메리칸 다이어리. 2,박정석 지음,효형출판,2006,1918
"꼭 읽어야 할 세계단편. 1, 프랑스편",송승환 편저,타임기획,2000,6329
"초등 학급운영. 3, 학급문화 가꾸기",우리교육 엮음,우리교육,2005,2573
시간 여행 비누 거품. 2,요 네스뵈  ; 이정윤  ; .트랜지스터,타임주니어,2011,6306
왜 박지원은 『열하일기』를 썼을까?,정명섭  ; 장웅진 [공]글  ; 이일선 그림,자음과모음,2012,4029
내 아이 표현의 달인 만들기  : 3-7세 표현력 향상 멘토링,김난희 저,끌레마,2012,6468
문학 교과서 작품 읽기  : 수필극 필수편. [7],오세호  ; 이승희  ; 정지영 [공]엮음,창비,2011,1062
(2012) 보수 vs 진보 : 제3물결 정치를 위한 희망 선언,정광윤 지음,다움북스,2011,9259
나리초등학교 스캔들 : 하은경 장편동화,하은경,한겨레아이들,2012,7341
일본 신화와 천황제 이데올로기 : 신화와 역사 사이에서,김후련 지음,책세상,2012,6331
천개의 공감,김형경 지음,한겨레출판,2007,4188
컴퓨터일반  : 9급 전산직,"허빈, 심재호, 공지은 공편",서울고시각,2011,2550
삶의 한가운데,"린, 루이제",민음사,2005,2232
영어가 길어지는 단 한가지 기술,Carol J. Noh ; Jeffry J. Pitterson [공]지음,MRSUN.COM,2011,3645
Pieces of you,Tablo 지음,달,2009,2250
용이 된 선묘 낭자,김춘옥 글  ; 이선주 그림,봄봄,2012,1055
애거서 크리스티 전집. 9 : 누명,애거서 크리스티 지음 ; 권도희 옮김,황금가지,2006,8348
바람을 느껴봐,아서 도로스 글·그림  ; 햇살과나무꾼 옮김,웅진,2005,8758
세계에서 가장 아름다운 도시 100,비니프리드 마스 ; 앤 벤투스 ; 한스-요하임 뇌베르 [공]지음 ; 서영조 옮김,터치아트,2007,7934
분노하라,스테판 에셀 지음 ; 임희근 옮김,돌베개,2011,8958
불대장 망개,유타루 지음 ; 전종문 그림,바람의 아이들,2005,3659
우리가 보낸 순간 : 날마다 읽고 쓴다는 것 · 시,김연수 지음,마음산책,2010,7572
"나라 꽃, 무궁화를 찾아서",김숙분 글  ; 박수민 그림,가문비어린이,2011,3639
클래식 기타 입문,폴 헨리 지음,SRMUSIC,2009,3286
노는 도서관 배우는 도서관 : 온종일 놀아도 즐거운 도서관!,서해경 ; 이소영 [공]글 ; 황금혜선 그림,현암사,2010,6337
일본신화와 고대한국,노성환,민속원,2010,9531
심인광고,이승우 지음,문이당,2005,9671
나는 거대한 꿈을 꿨다,이나리 지음,중앙엠앤비,2012,4303
우리는 달려간다,박성원 지음,문학과 지성사,2005,3917
나전장 김봉룡의 도안 : 한국 근·현대 나전도안,국립문화재연구소 편,국립문화재연구소,2010,7990
(이야기)우리 속담,장영주 글씀 ; 최효애 그림,창작나무,2005,8764
레퀴엠,뤼크 피베 지음 ; 양진성 옮김,살림출판사,2011,8908
멋스러운 옛시조 흥겨운 우리 노래,우리누리 지음  ; 홍우리 그림,주니어중앙,2012,3593
(초등)과학으로 리더되기,배정인,와이즈만books,2012,3027
만리 중국사. 02 : 춘추전국 1,쑨자위 ; 상자펑 [공]지음 ; 류방송 옮김,이담북스,2014,2145
와인견문록 : 보르도에서 토스카나까지 세계 최고의 와인에 담긴 문화와 역사,고형욱 지음,이마고,2009,8960
(8051)VHDL 코어의 완전분석 및 어셈블러의 개발,장경선,홍릉과학출판사,2006,5195
끝나지 않은 길,M. 스콧 펙 지음 ; 김창선 옮김,소나무,2003,7713
여자를 위한 인생 10강 : 신달자 에세이,신달자 지음,민음사,2011,7378
축제기획의 실제,박준흠 지음,한울,2011,6268
"한국어 경어법, 힘과 거리의 미학",이정복 지음,소통,2011,6218
왕을 찾아서 : 성석제 장편소설,성석제 지음,문학동네,2011,2435
"단기 상담-학교,상담자를 위한 해결 중심적 접근-","제럴드 B. 스클레어 지음, 송현종 옮김",학지사,2001,7222
(이동식의)걷기,이동식 글 ; 장진희 [외]사진,나눔사,2011,6976
한국소설의 언어 의식,김정숙 지음,태학사,2009,1497
틈새에 뜬 무지개. Ⅱ,김강준 지음,에세이,2007,6279
여자이기 때문에 당하지 말고 당차게 살아라, ,푸른솔,2001,6749
나의 멘토 나의 성인,제임스 마틴 지음  ; 성찬성 옮김,가톨릭,2011,2855
삼국지의 세계 : 역사의 이면을 보다,"김문경 지음 ; 송완범, 신현승, 전성곤 [공]옮김",성균관대학교 출판부,2011,3135
퓰리처상 사진,핼 부엘 지음  ; 박우정 옮김,현암사,2011,3362
신부님 우리들의 신부님. 2,죠반니노 과레스끼 지음 ; 이승수 옮김,서교출판사,2008,5454
남의 사랑 이야기  : 김신회 에세이,김신회 지음,북노마드,2012,1144
굿모닝 인터뷰 영어,연호택 ; 박종호 ; Jullian Lee [공]저,Korea Language PLUS,2009,4048
한국전통식품,김영희 ; 임정교 공저,효일,2007,4455
"베를린, 젊은 예술가들의 천국 : 베를린의 미술과 미술 환경에 관한 에세이",조이한 글.그림,현암사,2010,1968
왕이 된 노예,김효정 새로엮음 ; 허수진 그림,교원,2011,7709
포스트모던 시대의 그리스도교 윤리,김정우 글,위즈앤비즈,2009,6019
국민참여시대의 한국 정당,이원종 저,나남출판,2006,1018
보트 하우스,장정일 지음,김영사,2005,4143
"바람, 그 끝자락에 서다",최승헌 지음,천년의시작,2008,2191
"1945, 철원 : 이현 장편소설",이현,창비,2012,4725
구호로 보는 시대풍경전,행정안전부 국가기록원,행정안전부 국가기록원,2008,4786
아침 햇살이 담긴 팬케이크,조나단 런던 글 ; 브라이언 카라스 그림 ; 남경완 옮김,비룡소,2006,9892
전통을 이은 한국 꽃꽂이,고하수 지음,민속원,2012,9540
김원중 교수의 청소년을 위한 삼국유사,일연 지음  ; 김원중 엮고 옮김,민음인,2012,8301
왓칭 : 신이 부리는 요술,김상운 지음,정신세계사,2011,1557
여행할 권리  :김연수 산문집,김연수 지음,창비,0,7504
조지훈,조지훈 지음,돌베개,2003,4746
가정교육의 함정  : 모든 부모가 보아야 할 가정교육의 지침서,하영철,오래,2012,6057
시크릿 SEOUL,정기범 ; 윤영주 [공]지음,시공사,2012,7427
그림으로 똑똑한 아이 키우기,니칼라스 캐틀로우 지음  ; 신형건 옮김,푸른책들,2011,8818
손공자수,이지은 글·사진,다빈치,2007,8115
폭풍의 언덕,"브론테, 에밀리",하서출판사,2010,1722
롤러코스터 : 교육소설,배명희[등]지음,나무의숲,2010,5358
"돈, 섹스, 권력","리처드 포스터 지음, 김영호 옮김",두란노,2005,9296
"우주 시대의 개막, 달에 착륙하다",캐롤 스토트 글 ; 리처드 본슨 그림 ; 이충호 옮김,문학동네,2005,4575
만리 중국사. 03 : 춘추전국 2,쑨자위 ; 상자펑 [공]지음 ; 류방송 옮김,이담북스,2014,9346
풀 한 포기 다치지 않기를,"클로드 안쉰 토머스 지음, 황학구 옮김",정신세계사,2007,2071
국제해양법,"박찬호, 김한택 [공]저",서울경제경영,2011,7484
(한국 외교)어제와 오늘,김창훈 지음,한국학술정보,2008,9392
(미치도록 쉬운)기타 연주곡집,삼호ETM 편,삼호ETM,2012,8896
(카를 융)기억 꿈 사상,카를 구스타프 융 저 ; A. 아페 편집 ; 조성기 옮김,김영사,2008,8920
창의적인 수업 아이디어 56가지,우리교육 엮음,우리교육,2008,9519
무민과 모두의 언덕,"얀손, 토베",작가정신,2012,6056
(온달과 평강의) 단양 문화 여행,에듀팅 글.그림,단양군,2008,9933
압둘 가사지의 정원,크리스 반 알스버그 글.그림 ; 이상희 옮김,베틀북,2004,4720
왜 아껴 써야 해? : 절약하는 습관을 길러주는 책,방미진,스콜라,2011,1638
현대신학의 흐름 계시와 응답 : 계시와 응답. 제1권 : 종교개혁에서 틸리히까지,김동건,대한기독교서회,2008,4538
안네의 일기,"프랑크, 안네",삼성,2012,9108
이슬람  : -원리와 개론-,무함마드 A. tngkdla,알림,2007,4061
Workin' on the railroad  :And other favorite rhymes,Trudy corporation,Little sound prints,2007,8330
디스럽트,루크 윌리엄스 지음 ; 김지현 옮김,황소자리,2011,8835
병수,송영,우리교육,2004,6351
휴전선의 무지개,이명희 엮음,문학과지성사,2002,6266
(조윤범의)파워클래식,조윤범 저,살림,2011,4552
"23살의 선택, 맨땅에 헤딩하기",유수연 지음,소담출판사,2007,7693
교육학,권성,한국교육문화원,2001,8943
레 미제라블 . 5,"위고, 빅토르",민음사,2012,6583
런던 디자인 산책,김지원 글,나무수,2012,4974
카셀이 들려주는 환율 이야기,승지홍 저,자음과모음,2012,8401
웹 & 모션 타이포그래피의 정수,이현영 지음,정보문화사,2011,2145
PD가 말하는 PD,김민식,부키,2008,1487
이리 오너라! 옛날 옛적 관혼상제 : 교과서 속 관혼상제 이야기,김경희 글 ; 이덕진 그림,조선books,2011,8249
(최신)유전학,D. Peter Sunstad ; Michael J. Simmons [공]저 ; 김상구...[등역],범한서적,2007,3741
요트,서하진 지음,문학동네,2006,2185
도시생활자의 정치백서,"하승우, 유해정 지음",북하우스,2010,2030
"초등 학급운영. 1, 학급운영 터잡기",우리교육 엮음,우리교육,2005,4384
마중물,정여송 지음,수필과비평사,2008,8076
행복한 멈춤,존 하리차란 지음 ; 유리타 옮김,살림,2007,4305
중학생 한국 단편소설. 5,"김정한...[등]지은이, 임융웅 엮음",서림문화사,2005,2876
착한 영어 팝니다,서석영 글 ; M·제아 그림,처음주니어,2009,5254
방황해도 괜찮아 : 법륜 스님의 청춘 멘토링,법륜 지음 ; 박승순 그림,지식채널,2012,4356
Buster's dino dilemma,"Brown, Marc",Little Brown and company,2009,7707
내 머리에 새가 살아요!,우소영,책내음,2012,6145
세계 지형 여행 : 여행지의 자연 경관 미리보기,로버트 야람 지음 ; 한무일 옮김 ; 데이빗 로빈슨 감수,황금비율,2011,3278
아이 러브 포토 스타일 : 소중한 일상을 즐기는 포토 레시피 73,Mosh books 글·사진 ; 정유선 옮김,아이콘북스,2009,2041
(서울대선정)동서고전 200선. 3 : 해제,반덕진 편저,가람기획,1997,3259
(과학과 기술로 본) 세계사 강의,제임스 E. 매클렐란 3세 ; 해럴드 도른 공저 ; 전대호 옮김,모티브북,2006,2339
소녀와 비밀의 부채. 1,리사 시 지음 ; 양선아 옮김,밀리언 하우스,2006,9813
사회성측정 : 이론과 실제,안이환 지음,서현사,2007,1962
그 청년 바보의사,안수현 지음  ; 이기섭 엮음,아름다운사람들,2009,9312
(신세대를 위한)통일이야기,차종환 ; 김용현 ; 장봉수 [공] 편저,예가,2004,3368
아티스트를 위한 멘토링 : 예술가들이 말하는 창의적인 사람으로 사는 법,이언 잭맨 엮음 ; 손희경 옮김,아트북스,2009,8262
우리말 소반다듬이,권오운 지음,문학수첩,2011,8443
허생전,박지원 지음  ; 구인환 엮음,신원문화사,2003,8455
무역실무일본어,이교원 저,문운당,2011,3692
건축의 이론과 역사,만프레도 타푸리 지음 ; 김일현 옮김,동녘,2009,3263
동이 : 성군 영조를 낳은 후궁,이준혁 글,문예춘추사,2010,1956
한국사 이야기. 18 : 민중의 함성 동학농민전쟁,이이화 지음,한길사,2008,9063
(한 권으로 보는)권모술수,이언호 편역,큰방,2002,3393
독도대전  : 블록버스터 사이버전쟁 소설,유성일 지음,행성비,2012,3416
(재키의)무대뽀 헝그리 유학성공기,이은승 지음,넥서스,2005,8144
루어낚시 첫걸음,조홍식 지음,황금시간,2009,3515
"푸코 & 하버마스 : 광기의 시대, 소통의 이성",하상복 지음,김영사,2009,8736
나 자신과의 대화,넬슨 만델라 지음 ; 윤길순 옮김,RHK,2013,5018
토머스 하디와 여성론 비평,장정희 지음,L.I.E.,2007,6994
(어린이를 위한)음악사전,박영수 지음,입력,1999,4415
먹다 먹힌 호랑이,강벼리 글  ; 문종훈 그림,한림,2012,6399
"유전, 운명과 우연의 자연사",제니퍼 애커먼 지음 ; 한정택 감수 ; 진우기 옮김,양문,2003,2170
성공한 사람은 사소한 일에 목숨을 걸지 않는다,리처드 칼슨 ; 박혜진 옮김,창해,2001,1418
이렇게나 똑똑한 식물이라니!,김순한 글 ; 이유리 그림,토토북,2008,1752
(교실 밖) 상식 놀이터,선대규...[등]지음,학지사,2012,2526
밤의 분명한 사실들 : 진수미 시집,진수미,민음사,2012,7562
무지개가 떴다,고정욱,북멘토,2012,3981
아무도 대답하지 않았다,배봉기,사계절,2009,7101
중세철학 이야기,K. 플라시 지음 ; 신창석 옮김,서광사,1998,8354
"촘스키, 러셀을 말하다 : 세계를 해석하는 것에 대하여, 세계를 변혁하는 것에 대하여",노엄 촘스키 지음 ; 장영준 옮김 ; 김한조 그림,시대의창,2011,1704
Arthur and the perfect brother,"Brown, Marc",Little Brown and company,2009,5470
신여성 : 매체로 본 근대 여성 풍속사,연구공간수유+너머근대매체연구 지음,한겨레신문사,2005,5168
경제학의 배신 : 시장은 아무것도 주지 않는다,라즈 파텔 지음 ; 제현주 옮김,북돋움,2011,1986
우리 할아버지는 106세,마츠다 모토코,아이세움,2004,9542
백 년 동안의 침묵 : 박정선 장편소설,박정선 지음,푸른사상사,2011,3811
(종림잡설)망량의 노래,종림 지음,호미,2007,8207
아담과 이브는 배꼽이 있었을까요,"매튜 핀토 지음, 차원호 옮김",다른우리,2006,3310
한국 가정 요리 : 태국어판,대우증권사회봉사단 엮음,부키,2012,7314
"여자 38, 두번째 선택",김은영 지음,파프리카,2009,9349
인권을 외치다,류은숙 지음,푸른숲,2009,9366
관혼상제 성씨보감,이설산,설산출판사,2001,9181
누란,현기영 저,창비,2009,1031
그리스.로마극의 세계. 1,고전.르네쌍스드라마한국학회 [편],동인,2000,1857
"막걸리, 넌 누구냐? : 색깔 있는 술, 막걸리의 모든 것",허시명 지음,"예담,",2010,6240
은닉  : 숨기려 해도 숨길 수 없는 마음 :배명훈 장편소설,배명훈 지음,북하우스,2012,8448
엉터리 명궁 사위 : 퐁퐁퐁 지혜 이야기,전경남,해와 나무,2011,3669
"의식주, 살아있는 조선의 풍경",한국고문서학회 지음,역사비평사,2006,6512
붓다를 죽인 부처,박노자 지음,인물과 사상사,2011,9815
모세처럼 기도하고 여호수아처럼 실행하라,전옥표 지음,중앙북스,2012,4024
여우와 아이,뤽 자케 원작 ; 플로랑스 레이노 글 ; 허보미 옮김,톡,2011,1959
(대대손손 물려줄)우리 국보와 보물,유송아 지음  ; 김은미 그림,주니어RHK,2012,4227
(고우영)초한지. 1,고우영 지음,자음과모음,2006,6306
토기의 간,김재욱 글,랭기지플러스,2010,6777
호이겐스가 들려주는 파동 이야기,정완상 지음,자음과모음,2005,4044
뽀뽀는 이제 그만!,마누엘라 모나리 글 ; 비르지니 수마냑 그림 ; 한리나 옮김,현암사,2010,6757
곰나무,최필호 글.그림,큰그림,2012,7812
젊은 베르테르의 슬픔 : 논술대비 세계명작,"괴테 원작 ,  박명희 엮음 ,  김세온 그림",지경사,2006,8888
(가고 싶은)유럽의 현대미술관,이은화 지음,아트북스,2011,7579
내 머릿속의 개들,이상운 지음,문학동네,2006,1665
자기계몽  : 자기 삶과 사회를 뒤바꾸는 꿈,이인 지음,인간사랑,2011,6070
(주말이 기다려지는)행복한 산행,월간 MOUNTAIN 글·사진,터치아트,2009,1534
그리스도인의 행복한 삶의 비밀,한나 휘톨 스미스 지음 ; 이재길 옮김,살림,2009,8872
조선언문실록,정주리  ; 시정곤 [공]지음,고즈윈,2011,7903
시크릿 뉴욕 : 로컬이 인정하는 올 어바웃 뉴욕,천현주 지음,시공사,2011,8468
떡갈나무 바라보기,"주디스 콜, 허버트 콜 지음, 후박나무 옮김",사계절,2004,5878
혼신의 글쓰기 혼신의 읽기,김윤식 지음,강,2011,1034
거울 옷을 입은 아이들,김진경 글 ; 조성흠 그림,문학동네,2009,5756
손녀딸 릴리에게 주는 편지,앨런 맥팔레인 지음 ; 이근영 옮김,랜덤하우스중앙,2005,4753
신화를 삼킨 섬  :이청준 장편소설 .1,이청준,열림원,0,9600
(초등학교 선생님이 함께 모여 쓴)세계사 이야기. 1,초등역사교사모임 지음 ; 민재회 그림,늘푸른아이들,2005,6880
나를 끌고 가는 너는 누구냐,박옥수 지음,온마인드,2011,1745
나는 경매로 반값에 집 산다,황지현 ; 송창섭 [공]지음,한국경제신문,2009,8961
(교실밖 그림수업)유화,이언 시더웨이 [지음] ; 정은미 옮김,김영사,2009,3229
아이디어의 발견,샘 해리슨 지음 ; 정연희 옮김,비즈니스맵,2009,1818
미국 영어발음 무작정 따라하기,오경은 ; 릭킴 [공]지음,길벗이지톡,2008,4772
(우리가 정말 알아야 할)우리 옛이야기 백가지. 2,서정오 글,현암사,2006,2859
에덴의 용,칼 세이건 지음 ; 임지원 옮김,사이언스북스,2010,1445
라파엘 전파,에드먼드 스윙글허스트 : 원형준 역,한국프뢰벨주식회사,1998,9540
국제사회의 대외인식과 한국관,이기완 [외]지음,매봉,2009,5490
진정한 나를 찾다  : 마음을 다스리는 명상,인드라 초한 지음  ; 나카지마 다카시 엮음  ; 양영철 옮김,경성라인,2012,3238
1942 대기근 : 삼백만 명이 굶어죽은 허난 대기근을 추적하다,멍레이 ; 관궈펑 ; 궈샤오양 [공]엮음 ; 고상희 옮김,글항아리,2013,1285
(플로리스트를 위한) 화훼장식학,한국화훼장식학회,부민문화사,2010,4380
파르마의 수도원 . 1,스탕달,민음사,2005,6132
유아교육학 탐구,양옥승 외[공]저,학지사,2002,3444
(사람의 마음을 사로잡는) 심리 화술 : 비즈니스와 일상적인 대화에서 지금 바로 사용할 수 있는 화술 결정판!,"사이토 이사무 지음, 이유영 옮김",시아출판사,2008,7969
(문화나들이 2000)엄마아빠 일요일에 여기가요,나들이연구모임 엮음,혜인,2000,5429
쥐돌이는 화가,이호백 글.그림,비룡소,2004,3293
발자국들이 남긴 길,고창환 지음,문학과지성사,2000,8513
어떻게 돈 걱정 없이 살 것인가,조병춘  ; 김후정 [공]지음,한국경제신문,2012,1374
천국보다 낯선 : 이장욱 장편소설,이장욱,민음사,2013,2019
"세계여행사전. 3, 일생에 한 번은 가고 싶은 성지 여행",내셔널 지오그래픽 엮음  ; 이혜경  ; 김귀숙  ; 이선희 [공]옮김,터치아트,2012,8467
파벌 : 민주노동당 정파 갈등의 기원과 종말,정영태 지음,이매진,2011,7440
일본 신화와 천황제 이데올로기 : 신화와 역사 사이에서,김후련 지음,책세상,2012,6331
철학연구 50년,이화여자대학교 한국문화 연구원,혜안,2003,2490
빌헬름 마이스터의 수업시대 . 1,"괴테, 요한 볼프강 폰",민음사,2005,4512
나는 궁금해 미치겠다 : 지구상에서 가장 무모한 남자의 9가지 기발한 인생실험,A.J. 제이콥스 지음 ; 이수정 옮김,살림출판사,2011,3679
Arthur and the lost diary,"Brown, Marc",Little Brown and company,2008,1404
21세기 한반도 백년대계,정용화...등저 ; 정보세계정치연구회 기획 ; 하영선 편,풀빛,2004,2997
소설의 숲에서 문학을 생각하다,박상준 지음,소명출판,2003,3529
(청소년)토지. 5,박경리 원작 ; 토지문학연구회 엮음,이룸,2003,9057
재즈 기타 코드북,이시자와 코지 지음 ; 신동수 번역,SR music,2008,8090
창의성 키우는 독서 학교 : 총명한 아이를 위한 독서방법,조미아 지음,경향에듀,2010,8635
웃음  : 베르나르 베르베르 장편소설. 1,베르나르 베르베르 지음  ; 이세욱 옮김,열린책들,2011,3562
초등 문학교육의 담론과 아동문학의 지평,임성규 지음,한국문화사,2008,9469
통합적 상담,Gerald Corey 지음 ; 현명호...[등]옮김,시그마프레스,2006,4346
비열한 시장과 도마뱀의 뇌,"테리 번햄 지음, 서은숙 옮김",갤리온,2008,3068
(어린이를 위한)잠자기 전 30분,예영 글 ; 김효진 그림,티즈맵출판사,2011,6002
타샤의 집,타샤 튜더 ; 토바 마틴 [공]지음 ; 리처드 브라운 찍음 ; 공경희 옮김,윌북,2007,2383
펠리컨 브리프,존 그리샴 지음 ; 정영목 옮김,시공사,2004,8137
바베트의 만찬 : 이자크 디네센 소설,이자크 디네센 지음 ; 노에미 비야무사 그림 ; 추미옥 역,문학동네,2012,4455
"친구야, 넌 어떤 행복을 꿈꾸니? : 제3세계 친구들이 보내는 희망의 편지","이은서, 김실[공] 글, 굿네이버스 공동기획",국민출판,2010,1303
운명의 고리,린 그레이엄 지음  ; 김효원 옮김,신영미디어,2012,6657
터치 아프리카,정해종 지음,생각의나무,2005,2166
"지난 10년, 놓쳐서는 안 될 아까운 책 : 전문가 46인이 뽑은 이 시대의 숨은 명저들",강수돌 외 지음,부키,2011,3076
잡곡의 과학과 문화,박철호 ; 박광근 ; 장광진 ; 최용순,강원대학교 출판부,2008,6389
위대한 개츠비,F. 스콧 피츠제럴드 지음 ; 민예령 옮김,보물창고,2012,2016
언제나 재즈처럼,정우식 지음 ; 이승열 그림,고려원북스,2008,5839
도리도리 두리두리 : 하루 30분 목 돌리기 건강체조,김성식 지음,띠앗,2010,4808
(모질게 토익)듣기만 해도 느는 토익,홍원표 지음,21세기북스,2010,7733
"영어, 리스닝 기본구문 무작정 따라하기",김재민 지음,길벗이지톡,2008,5115
"여름, 그 뜨거운 여름  : 오기환 수필집",오기환,소소리,2008,5594
(선생님도 몰래 보는)탐험 이야기 33가지,차윤선 글 ; 쌈팍 그림,을파소,2009,8497
플루타르크 영웅전 : 논술대비 세계명작,"플루타르크 원작, 이효성 엮음, 박요한 그림",지경사,2006,1911
용기,유영만 지음,위즈덤하우스,2007,1745
시가 내게로 왔다,김용택 지음,마음산책,2002,1825
자유 낙하,데이비드 위스너 지음 ; 이지유 해설,미래M＆B,2007,7796
"너는 스무 살, 아니 만 열아홉 살",박상률,사계절,2006,5296
볼 수 있으면 그릴 수 있다,조영설 저,아이리코스,2010,5083
(백기완 나의 한살매)사랑도 명예도 이름도 남김없이,백기완 지음,한겨레출판,2010,8122
멋스러운 우리 옛 그림,우리누리 글  ; 조명자 그림,주니어중앙,2012,4965
별똥별 아줌마가 들려주는 공룡 이야기,이지유 글 ; 이지유 ; 조경규 [공]그림,창비,2011,1885
셰익스피어와 후기 구조주의  : 햄릿｜오셀로｜리어 왕｜맥베스,권오숙 지음,동인,2007,5331
(입당구법순례행기를 통해 본) 신라인군상,김문경 지음,해상왕장보고기념사업회,2008,9893
제1권력. 1,히로세 다카시 지음  ; 이규원 옮김,프로메테우스,2010,6594
넉점반 [태국어 공동표기],이영경,창비,2007,5735
(마법천자문)고사성어 .2,김주희,아울북,2010,8402
까다로운 고객 유혹의 기술  : 고객의 마음을 단숨에 사로잡는 65가지 비결,조태현 지음,비전비엔피·비전코리아,2008,5475
허니문 100배 즐기기 : 세상에서 가장 달콤한 신혼여행,왕영호 [등]저,랜덤하우스,2009,8506
여자의 성공은 10대에 결정된다 : 세계 최고 여성 10인의 특별한 10대 이야기,김지영 지음,쌤앤파커스,2012,6016
행복한 두더지,김명석 지음,비룡소,2012,4766
습관을 바꾸는 심리학,이토 아키라 지음 ; 김정환 옮김,끌리는책,2012,9096
겨울새는 머물지 않는다,최종남 지음,문학의전당,2005,6697
파미르에서 윈난까지,이상엽 글.그림,현암사,2011,8570
꽃의 요정,베로니크 마세노 글  ; 김희연 그림  ; 조정훈 옮김,키즈엠,2012,5541
겨레얼을 빛낸 역사인물 100인,[박성수 외 공동집필],겨레얼살리기국민운동본부,2008,8846
골프는 90% 심리게임이다,헨리 비어드 지음 ; 윤은기 옮김,휴먼비즈니스,2008,9705
소방관이 된 철학교수,프랭크 맥클러스키 지음 ; 이종철 옮김,북섬,2007,8442
작은 아씨들 : 논술대비 세계명작,"루이자 메이, 올코트 원작, 강명희 엮음, 민경순 그림",지경사,2006,4223
(지구의) 수권과학,양성기 저,구미서관,2007,3363
CD만 들어라 영숙어가 저절로~외워진다,아카이다 다쿠야 지음 ; 은영미 옮김,나라원,2009,3395
숫자 벌레,함기석,비룡소,2011,6553
새들은 어떻게 길을 찾을까,로마 갠스 글  ; 폴 미로차 그림  ; 햇살과나무꾼 옮김,웅진,2005,4137
함께 있을 수 있다면. 2,"안나 가발다 지음, 이세욱 옮김",문학세계사,2006,1552
뜨겁게 안녕,김현진 지음,다산책방,2011,5837
"꾸밈과 갖춤의 예술, 장황  : Works of the Brush and Their Mounting",국립고궁박물관 [편저],국립고궁박물관,2008,9978
라틴아메리카 강의 노트,송영복 지음,상지사,2007,7378
Arthur and the lost diary,"Brown, Marc",Little Brown and company,2008,1404
국어문법,서정수 지음,뿌리깊은나무,1994,1805
껍데기 속에는 무엇이 살까,캐슬린 W.조펠드 글  ; 헬렌 K. 데이비 그림  ; 햇살과 나뭇꾼 옮김,웅진,2005,1605
애거서 크리스티 전집. 22 : 왜 에번스를 부르지 않았지?,애거서 크리스티 지음 ; 박인용 옮김,황금가지,2010,6191
여자의 일생 : 논술대비 세계명작,"기 드, 모파상 원작, 이상교 엮음, 최윤지 그림",지경사,2006,4505
종가의 제례와 음식. 1 : 의성김씨 학봉 김성일 종가,국립문화재연구소 편,김영사,2004,6171
양념 사용법,아오키 아츠코 지음  ; 구현숙 옮김,이아소,2012,1176
흡연 여성 잔혹사,서명숙 지음,웅진닷컴,2004,5701
윤휴와 침묵의 제국,이덕일 지음,다산초당,2011,7702
한국 민주주의의 현실과 도전 : 6월항쟁 그 이후,엮은이: 학술단체협의회 ; 민주화운동기념사업회 ; 지은이: 서경석 ; 정병기 ; 정태욱 ; 이재승 ; 노중기 ; 최병두 ;,한울,2007,5990
(위진남북조시대를 위한) 변명  : 속박과 방종의 경계에 서다,권중달 지음,삽도,2011,5852
제저벨 : 듀나 장편소설,듀나 지음,자음과모음,2012,6535
지붕,박상우 지음,지식의숲,2005,8837
빨간 머리 앤 : 논술대비 세계명작,"루시 모드, 몽고메리 원작, 황용희 엮음, 손민지 그림",지경사,2006,6822
친일 승려 108인,임혜봉 지음,청년사,2005,5808
(마녀에서 예술가로)오노 요코,클라우스 휘브너 지음 ; 장혜경 옮김,솔,2003,6955
일본을 보면 한국이 보인다,심훈 지음,한울,2012,1322
선생님 바꿔 주세요,브리지트 스마자 글 ; 원유미 그림 ; 이희정 옮김,밝은미래,2010,7816
Panasonic LUMIX G : 파나소닉 하이브리드 카메라 활용,변현우 ; 배호종 [공]지음,이지스퍼블리싱,2011,8585
웃음대장 할머니,시마다 요시치 지음 ; 홍성민 옮김,예원미디어,2011,6998
(선생님이 권해주는)교과서 소설. 중1,염남옥...[등]편,예스북,2012,2564
할아버지의 아주 특별한 여행,"코모토, 아구스틴",주니어파랑새,2006,4015
이상한 나라에서 온 스파이,최인석,창작과비평사,2003,8297
미드＆스크린 영어회화 패턴사전,이충훈 지음,Lancom,2012,9135
실학사상과 근대성,계명대학교 철학연구소 저,예문서원,1998,7202
부자 중국 가난한 중국인 : 중국인의 삶은 왜 여전히 고달픈가,랑셴핑 지음 ; 이지은 옮김,미래의창,2011,4106
비즈니스 영어 이메일 작성법,Iida Takeo 저,혜지원,2012,8374
아기가 된 아빠,"브라운, 앤서니",살림어린이,2011,9274
내 마음의 보석,최은지 지음,엠아이지,2003,5762
비타민 D,"공은희, 김선현, 김유빈, 염창환, 이준구, 이태호, 임성원, 임호섭, 정규철, 장현정, 최종순, 홍수진, 황희진",한솔의학서적,2009,9545
허경환의 맛있는 다이어트,허경환 저,영진미디어,2011,5742
피부는 무슨 일을 할까,폴 샤워스 글  ; 캐슬린 쿠체라 그림  ; 햇살과나무꾼 옮김,웅진,2005,5074
싱가포르 100배 즐기기 : 싱가포르 10개 지역·빈탄 섬·바탐 섬,허유리 지음,랜덤하우스,2011,2268
(맑고 향기로운 사람)법정 : 백금남 장편소설,백금남 지음,은행나무,2010,1506
이태준 박태원,최원식 외 엮음,창비,2005,4948
글자로만 생각하는사람 이미지로 창조하는사람,토머스 웨스트 지음  ; 김성훈 옮김,한국물가정보,2011,3644
내 성격은 내가 디자인한다,조성환 지음,부글books,2009,6158
한국 현대사 산책 : 2000년대 편 : 노무현 시대의 명암. 3권,강준만 저,인물과사상사,2011,1531
Arthur plays the blues,"Brown, Marc",Little Brown and company,2009,1602
Francine the superstar,"Brown, Marc",Little Brown and company,2009,8729
(한 권으로 보는)권모술수,이언호 편역,큰방,2002,3393
10미터만 더 뛰어봐！,김영식 지음,중앙Books,2008,4251
"(서울대 최종학 교수의)숫자로 경영하라= : 숫자경영, 최고의 경영 나침반이다!./ . 2:  = Managing by numbers:",최종학,원앤원북스,2012,9540
새빨간 사랑,슈카와 미나토 지음 ; 이규원 옮김,노블마인,2007,3988
"꼼짝 마 호진아, 나 애벌레야!",안은영,웅진주니어,2011,5628
"대런 섄. 제8권, 암흑의 샛길",대런 섄 지음 ; 안종설 옮김,문학수첩리틀북,2012,4196
바퀴 달린 라퐁텐 우화집,마리 앙주 기욤 글 ; 프랑수아 로카 그림 ; 김예령 옮김,비룡소,2010,4962
한국 근대사 산책. 2 : 개신교 입국에서 을미사변까지,강준만 지음,인물과사상사,2008,6875
그만해 우물쭈물 영어발음,Dr. Anna 지음,넥서스,2007,7544
쌈닭,이춘희 글 ; 강동훈 그림,언어세상,2004,4148
삶은 달걀과 삶은 콩,김선영 새로엮음 ; 김순영 그림,교원,2011,1624
이지 잉글리시 : grammar,조남욱,도서출판 be,2008,5693
노인과 바다,"헤밍웨이, 어니스트 밀러",삼성,2012,8808
어린이와 어린이 미술,앨 허위츠 ; 마이클 데이 [공]지음 ; 전성수 ; 박수자 ; 김정선 [공]옮김,예경,2006,1934
수중운동의 트레이닝 효과  :  선행연구 및 근력강화운동방법 소개,고재옥 지음,대경북스,2011,1112
위풍당당 : 성석제 장편소설,성석제 지음,문학동네,2012,2037
한번은 : 빔 벤더스의 사진 그리고 이야기들,빔 벤더스 지음 ; 이동준 옮김,이봄,2011,4143
어떻게 일에서 만족을 얻는가,배리 슈워츠  ; 케니스 샤프 [공]지음  ; 김선영 옮김,웅진씽크빅,2012,9155
평판 디스플레이 공학,이준신 김도영 공저,홍릉과학출판사,2005,4386
(미리 보는)초등 국어 교과서. 1학년,윤석중 외 글 ; 이은진 그림 ; 김임숙 엮음,고래가숨쉬는도서관,2011,5662
다이쇼 데모크라시,마쓰오 다카요시 지음  ; 오석철 옮김,소명,2011,8656
미학이론,T. W. 아도르노 저 ; 홍승용 역,문학과지성사,20051997,3546
개밥에 도토리,봉현주 글 ; 길고은이 그림,삼성당,2012,4651
문학과 미술,"Daniel Bergez 지음 ; 김모세, 임민지 [공]옮김",시와 진실,2011,7502
헨리 포드,베틀북 .편집부,베틀북,0,4819
선덕 여왕과 모란꽃,박은하 글  ; 이덕진 그림,을파소,2011,4416
프리미어 프로 CS3,이진훈 ; 박형민 ; 홍종남 저 ; 사람과사람 기획,성안당.com,2009,8275
쌍둥이 바꿔치기 대작전,앤드루 클레먼츠 글 ; 마크 엘리엇 그림 ; 이원경 옮김,비룡소,2010,9954
(마법천자문)고사성어  :고급편 .3,정춘수,아울북,2009,2001
이병주와 지리산,김윤식 지음,국학자료원,2010,6633
2001 신춘문예 당선소설 작품집,곽상희 외 지음,프레스21,2001,6161
피델 카스트로,리처드 플랫 글 ; 김석희 옮김,어린이작가정신,2005,5365
(여학생이면 꼭 배워야 할)힐러리 파워,데니스 에이브람스 저 ; 정경옥 역,명진출판,2010,6047
별,알퐁스 도데 지음 ; 김경림 옮김 ; 신혜원 그림,"느낌이있는책,:",2010,5840
나도 말 잘하는 남자가 되고 싶었다,데이비드 세다리스 지음  ; 조동섭 옮김,웅진씽크빅,2011,5463
(합격)취업한자,오형민 지음,정민미디어,2005,6224
"수정본-원자력의 유혹 : 핵무기, 원자력발전, 방사선 및 방사성동위원소",심기보,한솜미디어,2008,4794
여행에 미친 닥터부부. 2,이하성  ; 이형숙 [공]지음,예가,2012,7077
수중운동의 트레이닝 효과  :  선행연구 및 근력강화운동방법 소개,고재옥 지음,대경북스,2011,1112
(2007 올해의)문제소설,한국현대소설학회 엮음,푸른사상사,2007,9236
"서른, 법과 맞짱뜨다",한정우 지음,대림북스,2012,5783
내 당근 봤니?,함지슬 글 ; 임경희 그림,애플비,2011,7577
글로벌 파워 매너,서대원 지음,중앙북스,2008,6811
You Shall be King!,"Schneider, Antonie",North-South Books,1995,9261
옷감짜기,김경옥 글 ; 김형준 ; 정진희 [공]그림,보림,2005,5641
"공간의 현상학, 풍경 그리고 건축",이종관 지음,성균관대학교,2012,3475
한국의 기업 경영 20년  : 개방의 파고를 넘어 세계로,정구현 외 지음,삼성경제연구소,2008,2486
봄이 왔어요,"기냐, 찰스",키즈엠,2012,9448
스끼다시 내 인생,임정연 지음,문이당,2006,7500
소녀와 비밀의 부채. 2,리사 시 지음 ; 양선아 옮김,밀리언 하우스,2006,2065
만화로 보는 그리스도인의 삶과 지혜,최병철 글·그림,제자마을,2012,6535
(세계체계 분석으로 본 자본주의의 기원과 미래)자본주의 역사 강의,백승욱 지음,그린비,2006,9877
(오늘은 이렇게)행복하세요,조명연 지음,휴먼드림,2011,4817
"성서이야기. 1 : 구약편, 상",이누카이 미치코 지음 ; 이원두 옮김,한길사,2006,8220
"나, 건축가 안도 다다오 : 한줄기 희망의 빛으로 세상을 지어라",안도 다다오 지음 ; 이규원 옮김,안그라픽스,2010,4182
달에서 온 편지,조규찬 글·그림,이른아침,2009,7796
공무도하,김훈 지음,문학동네,2009,8761
모티베이터 : 동기를 부여하는 사람,조서환 지음,위즈덤하우스,2012,3240
우주 유영,프랭클린 브랜리 글  ; 트루 켈리 그림  ; 햇살과나무꾼 옮김,웅진,2005,1649
한국 단편소설 베스트 100. 2,방민호 책임집필,미래엔,2011,9008
박수근 평전  : 시대공감,최열 지음,마로니에북스,2011,6991
크게 외쳐!,박현숙,살림,2011,2493
"한국행정인은 누구인가? : 삶의질,인간형,행정문화,모범사례",조무성 지음,고려대학교출판부,2002,4604
원형과 신화,이유경 지음,이끌리오,2006,3878
EXPRESSIONISTS,제니스 앤더슨저 ; 최기득 역,한국프뢰벨주식회사,1998,7591
